ID,일자,코드 공유 수,댓글 수,조회 수,공유 수,다운로드 수,좋아요 수
ID_000,2019-12-09,6,0,34237,11,0,50
ID_000,2020-04-21,10,0,34568,11,0,50
ID_000,2020-07-16,11,0,42386,12,10,62
ID_000,2020-10-13,13,0,42394,12,10,62
ID_000,2021-09-10,14,1,42395,12,10,62
ID_001,2019-12-09,4,4,17193,4,5,24
ID_002,2020-02-05,1,0,1,0,0,0
ID_002,2020-02-07,4,5,22453,16,2,34
ID_003,2019-12-09,3,1,23478,2,0,29
ID_003,2020-02-02,4,1,23479,2,0,29
ID_003,2020-02-19,5,1,29287,2,0,39
ID_003,2020-02-25,6,1,29288,2,0,39
ID_003,2020-04-14,7,2,41486,8,33,52
ID_003,2020-05-12,9,2,41507,8,33,52
ID_003,2020-06-16,10,2,41572,8,33,53
ID_003,2020-06-18,11,2,41588,8,33,53
ID_003,2020-07-13,15,7,64933,10,57,101
ID_003,2020-07-14,18,9,82281,10,68,137
ID_003,2020-10-26,19,9,87447,10,74,146
ID_003,2021-05-20,20,10,91944,10,74,147
ID_004,2019-12-09,3,6,30663,7,1,32
ID_004,2019-12-23,4,7,30664,7,1,32
ID_004,2020-01-08,5,7,30665,7,1,32
ID_004,2020-01-21,6,7,30666,7,1,32
ID_004,2020-02-06,7,7,44991,7,25,45
ID_005,2020-01-08,1,0,1,0,0,0
ID_005,2020-01-13,6,0,4,0,0,0
ID_005,2020-01-14,8,4,12615,5,0,19
ID_005,2020-01-16,9,4,12641,5,0,19
ID_005,2020-01-27,20,9,64429,5,0,97
ID_005,2020-03-05,22,12,77374,6,0,122
ID_005,2020-07-20,24,16,89795,6,12,149
ID_005,2020-07-21,25,17,95893,9,27,162
ID_006,2020-01-27,3,3,21776,6,0,27
ID_006,2020-07-11,4,3,28243,8,26,37
ID_008,2019-12-13,2,4,10,0,0,0
ID_008,2020-01-13,4,4,13,0,0,0
ID_008,2020-02-03,5,4,8864,3,3,8
ID_008,2020-02-09,6,6,8916,3,3,8
ID_008,2020-02-11,8,18,18616,9,3,19
ID_008,2020-02-13,9,18,23077,9,3,26
ID_007,2019-12-15,5,5,10,0,0,0
ID_007,2020-01-29,6,14,7976,1,0,11
ID_007,2020-01-31,8,40,25824,6,0,34
ID_007,2020-02-13,9,40,30161,6,0,39
ID_007,2020-04-13,10,40,30315,6,0,39
ID_007,2020-05-26,11,40,30316,6,0,39
ID_007,2021-05-14,12,40,30317,6,0,39
ID_010,2020-01-14,1,0,61,0,0,0
ID_010,2020-01-15,2,5,82,0,0,0
ID_010,2020-01-17,10,17,6140,2,0,9
ID_010,2020-01-20,24,22,12511,5,0,18
ID_010,2020-01-23,27,22,19779,8,0,26
ID_010,2020-02-05,28,24,26352,8,0,36
ID_010,2020-02-13,29,24,30810,8,0,44
ID_010,2020-03-04,30,24,30811,8,0,44
ID_010,2020-03-17,36,24,57423,12,0,116
ID_010,2020-03-18,38,26,57784,12,0,121
ID_010,2020-05-12,39,26,57785,12,0,121
ID_010,2020-07-14,42,32,78209,13,5,174
ID_010,2020-11-10,43,34,83648,13,5,187
ID_010,2020-11-19,44,36,89028,13,5,199
ID_010,2020-11-24,47,37,109385,15,6,232
ID_010,2021-05-16,49,39,113417,16,6,237
ID_009,2020-01-08,1,0,9058,2,0,11
ID_009,2020-01-15,3,0,9060,2,0,11
ID_009,2020-01-17,7,0,9062,2,0,11
ID_009,2020-01-22,13,5,154668,35,2,64
ID_009,2020-01-27,14,9,160284,35,2,74
ID_009,2020-01-28,15,19,165747,35,2,83
ID_009,2020-02-03,16,24,173145,36,2,94
ID_009,2020-02-04,18,52,191981,39,2,126
ID_009,2020-02-13,19,52,195616,39,2,133
ID_009,2020-06-21,20,54,202177,42,3,147
ID_009,2020-06-22,21,55,209891,46,7,161
ID_009,2020-06-24,22,57,216077,52,14,175
ID_009,2020-06-29,25,62,233999,66,20,231
ID_009,2020-07-16,26,67,240503,67,22,246
ID_011,2020-02-01,1,0,2,0,0,0
ID_011,2020-02-03,3,6,12352,0,0,25
ID_011,2020-02-12,4,9,18872,0,0,39
ID_011,2020-02-13,8,9,24946,0,0,45
ID_011,2020-02-14,9,11,31815,2,0,59
ID_011,2020-02-16,10,16,38774,2,0,72
ID_011,2020-02-22,12,16,45394,2,0,83
ID_011,2020-03-01,15,66,72993,14,0,136
ID_011,2020-03-02,16,68,79404,14,0,154
ID_011,2020-03-03,17,68,79633,14,0,154
ID_011,2020-03-05,18,72,85300,14,0,166
ID_011,2020-03-08,21,78,92229,14,0,181
ID_011,2020-03-12,23,78,92402,14,0,181
ID_011,2020-03-13,24,78,92455,14,0,182
ID_011,2020-03-18,25,78,92456,14,0,182
ID_012,2020-03-01,2,15,13371,5,0,46
ID_012,2020-03-02,4,19,21126,5,0,67
ID_012,2020-03-04,6,30,36819,5,0,104
ID_012,2020-03-06,9,34,47962,6,0,133
ID_012,2020-03-07,11,38,59568,6,0,156
ID_012,2020-03-10,13,38,63280,6,0,163
ID_012,2020-03-13,14,48,69248,6,0,186
ID_012,2020-03-16,15,52,74483,6,0,203
ID_012,2020-03-23,17,52,74485,6,0,203
ID_012,2020-03-30,18,54,80344,6,0,217
ID_012,2020-04-02,19,55,84069,6,0,225
ID_012,2020-04-15,21,61,91336,8,0,247
ID_012,2020-04-16,22,71,99789,10,0,269
ID_012,2020-04-20,24,71,111049,11,0,286
ID_012,2020-04-21,25,71,111049,11,0,286
ID_012,2020-05-05,26,71,111224,11,0,286
ID_013,2020-03-02,1,0,17,0,0,0
ID_013,2020-03-04,3,21,5151,0,0,32
ID_013,2020-03-05,4,21,5387,0,0,32
ID_013,2020-03-06,5,26,13647,0,0,52
ID_013,2020-03-07,6,36,15149,0,0,75
ID_013,2020-03-09,8,40,26850,0,0,103
ID_013,2020-03-10,9,40,30520,0,0,111
ID_013,2020-03-11,10,40,30714,0,0,111
ID_013,2020-03-12,12,73,45948,5,0,197
ID_013,2020-03-15,13,76,50728,5,0,216
ID_013,2020-03-16,14,82,56644,5,0,240
ID_013,2020-03-17,15,82,56815,5,0,240
ID_013,2020-03-18,16,82,56816,5,0,240
ID_013,2020-03-19,19,85,62054,5,0,264
ID_013,2020-04-02,20,85,65441,5,0,271
ID_013,2020-04-05,21,87,70428,5,0,285
ID_013,2020-04-08,22,89,76214,6,0,301
ID_013,2020-04-13,23,90,80772,8,0,312
ID_013,2020-04-27,24,95,87922,8,0,334
ID_013,2020-05-06,27,97,110475,13,3,400
ID_013,2020-08-08,28,98,115813,13,3,418
ID_031,2020-10-21,1,2,6334,1,2,10
ID_031,2020-10-22,4,6,24266,1,5,52
ID_031,2020-10-23,5,16,31458,1,13,73
ID_031,2020-10-24,6,20,41075,1,31,93
ID_031,2020-10-26,7,22,49884,1,47,109
ID_031,2020-10-29,8,22,49891,1,47,109
ID_031,2020-11-03,9,22,57938,1,47,119
ID_031,2020-11-04,10,22,57939,1,47,119
ID_031,2020-11-06,13,26,96740,3,73,174
ID_031,2020-11-07,18,33,117769,3,85,226
ID_031,2020-11-16,19,34,125054,3,87,239
ID_031,2020-11-18,20,35,135549,3,109,265
ID_014,2020-03-29,4,1,13618,5,2,31
ID_014,2020-03-31,11,1,13631,5,2,31
ID_014,2020-04-01,43,14,29777,5,2,90
ID_014,2020-04-02,49,17,46655,5,2,139
ID_014,2020-04-03,61,23,64305,6,4,184
ID_014,2020-04-04,63,31,78898,7,4,242
ID_014,2020-04-05,64,32,84118,7,4,263
ID_014,2020-04-06,65,32,84256,7,4,264
ID_014,2020-04-08,67,33,92485,7,12,283
ID_014,2020-04-09,68,33,97914,7,16,295
ID_014,2020-04-10,76,41,122001,7,16,386
ID_014,2020-04-11,88,46,142542,7,16,480
ID_014,2020-04-12,91,46,153281,7,16,520
ID_014,2020-04-13,93,52,159473,7,16,572
ID_014,2020-04-14,103,98,185468,27,20,727
ID_014,2020-04-15,106,104,197038,27,20,774
ID_014,2020-04-16,108,104,203312,27,20,795
ID_014,2020-04-17,112,104,208864,27,20,808
ID_014,2020-04-18,116,111,222268,27,20,862
ID_014,2020-04-19,117,120,229166,27,20,885
ID_014,2020-04-20,121,158,241607,28,20,973
ID_014,2020-04-21,131,213,265213,31,21,1129
ID_014,2020-04-22,134,234,277496,52,21,1251
ID_014,2020-04-23,140,245,289227,52,21,1298
ID_014,2020-04-24,145,250,305973,52,21,1366
ID_014,2020-04-25,152,261,317242,52,21,1409
ID_014,2020-04-26,156,269,329057,52,21,1457
ID_014,2020-04-27,160,272,336708,52,21,1480
ID_014,2020-04-28,161,272,341250,52,21,1501
ID_014,2020-04-29,163,273,353125,52,21,1557
ID_014,2020-04-30,165,275,357693,52,21,1577
ID_014,2020-05-02,166,276,360656,52,21,1594
ID_014,2020-05-04,167,276,366172,57,21,1613
ID_014,2020-05-05,170,277,377448,61,21,1680
ID_014,2020-05-06,176,277,378494,61,21,1680
ID_014,2020-05-07,185,284,406146,75,21,1788
ID_014,2020-05-08,186,284,410560,75,21,1804
ID_014,2020-05-09,192,285,438379,75,21,1878
ID_014,2020-05-10,203,292,496857,80,21,1984
ID_014,2020-05-11,204,293,506593,80,21,2000
ID_014,2020-05-13,205,293,506611,80,21,2001
ID_014,2020-05-20,206,293,506612,80,21,2001
ID_014,2021-03-09,207,298,513562,85,23,2014
ID_014,2021-03-10,208,301,521471,94,28,2030
ID_015,2020-04-03,1,0,1,0,0,0
ID_015,2020-04-04,2,0,205,0,0,0
ID_015,2020-04-05,3,5,7478,1,0,27
ID_015,2020-04-10,4,10,15530,1,0,47
ID_015,2020-04-25,5,10,15532,1,0,47
ID_015,2020-04-26,6,10,15534,1,0,47
ID_015,2020-05-14,7,30,24115,4,0,81
ID_015,2020-06-29,10,44,46099,29,9,134
ID_015,2020-06-30,11,44,46100,29,9,134
ID_015,2020-09-13,13,48,56650,29,15,175
ID_015,2020-09-14,14,51,62310,29,17,195
ID_016,2020-05-01,1,5,6012,0,0,19
ID_016,2020-05-02,3,10,18303,0,0,52
ID_016,2020-05-06,4,10,18612,0,0,55
ID_016,2020-05-10,6,12,24220,0,0,74
ID_016,2020-05-11,7,12,24221,0,0,74
ID_016,2020-05-12,8,13,30903,3,0,89
ID_016,2020-05-14,9,13,30908,3,0,90
ID_016,2020-05-29,11,14,39100,6,14,105
ID_016,2020-06-02,12,14,40460,6,14,114
ID_016,2020-06-11,14,14,41270,6,14,118
ID_016,2020-06-12,15,15,41995,6,14,122
ID_016,2020-06-15,18,15,42382,6,14,124
ID_016,2020-06-16,19,15,42741,6,14,126
ID_016,2020-06-17,20,15,42965,6,14,127
ID_016,2020-06-18,21,15,43270,6,14,131
ID_016,2020-06-19,22,15,43828,6,14,135
ID_016,2020-06-22,23,15,43992,6,14,137
ID_016,2020-06-23,24,15,44140,6,14,138
ID_016,2020-06-24,25,15,44392,6,14,141
ID_016,2020-06-25,26,15,47974,8,15,148
ID_016,2020-08-14,29,15,59963,10,55,187
ID_017,2020-05-12,3,8,58,0,0,3
ID_017,2020-05-18,4,14,7932,4,10,26
ID_017,2020-05-28,6,41,21549,15,10,97
ID_017,2020-05-31,8,41,21552,15,10,97
ID_017,2020-06-01,9,101,28939,20,10,140
ID_017,2020-06-04,10,104,30944,20,10,151
ID_017,2020-06-11,17,104,31639,20,10,155
ID_017,2020-06-12,18,104,32294,20,10,159
ID_017,2020-06-15,19,104,32911,20,10,162
ID_017,2020-06-16,20,104,33482,20,10,166
ID_017,2020-06-17,21,104,33818,20,10,169
ID_017,2020-06-18,22,104,34072,20,10,172
ID_017,2020-06-19,23,104,34543,20,10,177
ID_017,2020-06-21,24,104,34549,20,10,177
ID_017,2020-06-22,25,104,34758,20,10,178
ID_017,2020-06-23,26,104,34890,20,10,179
ID_017,2020-06-24,27,104,35127,20,10,182
ID_017,2020-06-25,28,104,35393,20,10,185
ID_017,2020-06-26,31,112,51484,39,31,224
ID_017,2020-06-27,32,116,57142,45,33,245
ID_017,2020-06-29,33,116,62080,50,34,266
ID_017,2020-06-30,35,116,72805,54,35,298
ID_017,2020-07-02,36,117,78593,54,35,312
ID_017,2020-07-03,38,120,89593,54,38,341
ID_017,2020-07-04,41,135,103786,54,51,388
ID_017,2020-08-10,42,135,103789,54,51,388
ID_017,2021-09-05,43,135,106923,56,52,395
ID_017,2022-01-09,44,135,109591,57,57,401
ID_018,2020-06-01,1,9,9960,4,3,18
ID_018,2020-06-04,2,9,10055,4,3,18
ID_018,2020-06-07,3,11,17495,8,4,43
ID_018,2020-06-11,7,11,18473,8,4,47
ID_018,2020-06-12,8,11,19114,8,4,51
ID_018,2020-06-15,10,15,28096,13,13,79
ID_018,2020-06-16,12,15,28618,13,13,84
ID_018,2020-06-17,13,15,28933,13,13,87
ID_018,2020-06-18,14,15,29186,13,13,90
ID_018,2020-06-19,16,16,36161,14,16,113
ID_018,2020-06-22,18,16,42874,17,19,133
ID_018,2020-06-23,19,16,43027,17,19,134
ID_018,2020-06-24,20,16,43211,17,19,138
ID_018,2020-06-25,21,16,43444,17,19,141
ID_018,2020-06-26,22,16,48602,19,19,149
ID_018,2020-09-19,25,16,48609,19,19,152
ID_018,2020-09-22,28,19,51902,19,19,199
ID_019,2020-05-30,1,0,7813,4,2,14
ID_019,2020-06-02,2,1,16013,6,12,36
ID_019,2020-06-03,6,12,22371,8,12,58
ID_019,2020-06-04,7,12,23950,8,12,67
ID_019,2020-06-07,8,13,23971,8,12,68
ID_019,2020-06-10,9,14,23973,8,12,68
ID_019,2020-06-11,15,14,24823,8,12,73
ID_019,2020-06-12,16,14,25476,8,12,77
ID_019,2020-06-14,17,16,33866,12,20,93
ID_019,2020-06-15,19,17,39739,13,20,113
ID_019,2020-06-16,20,17,40171,13,20,117
ID_019,2020-06-17,22,17,40357,13,20,120
ID_019,2020-06-18,24,17,40653,13,20,123
ID_019,2020-06-19,25,17,41074,13,20,127
ID_019,2020-06-22,27,21,48026,15,26,154
ID_019,2020-06-23,28,21,48221,15,26,155
ID_019,2020-06-24,30,22,48486,15,26,159
ID_019,2020-06-25,31,22,48803,15,26,162
ID_019,2020-06-26,32,22,49306,15,26,168
ID_019,2020-06-30,33,26,64451,21,42,187
ID_019,2020-07-10,35,27,71179,21,44,206
ID_019,2020-11-17,39,27,92368,21,73,239
ID_019,2020-11-30,40,28,97183,21,73,249
ID_020,2020-06-17,3,0,3,0,0,0
ID_020,2020-06-18,6,0,6675,1,0,9
ID_020,2020-06-22,8,3,23063,3,17,39
ID_020,2020-06-23,10,5,36306,10,17,80
ID_020,2020-06-29,12,6,36312,10,17,81
ID_020,2020-06-30,14,19,44568,10,17,126
ID_020,2020-07-02,15,19,44569,10,17,126
ID_020,2020-07-03,17,23,54113,10,17,151
ID_020,2020-07-13,18,23,54160,10,17,151
ID_020,2020-07-15,19,25,60501,10,19,170
ID_020,2020-07-17,21,28,66890,10,19,186
ID_020,2020-07-31,22,34,74226,11,23,204
ID_020,2020-08-13,24,34,74230,11,23,204
ID_020,2020-08-15,25,36,81011,11,23,222
ID_020,2020-08-16,26,42,89247,13,28,245
ID_020,2020-08-20,27,42,97171,15,29,264
ID_020,2020-12-07,28,42,102550,20,30,270
ID_020,2020-12-30,29,43,109067,27,38,280
ID_021,2020-06-25,2,0,13865,14,17,27
ID_021,2020-06-27,3,5,39755,22,52,45
ID_021,2020-06-28,4,12,46386,28,57,64
ID_021,2020-06-30,6,23,57085,36,75,106
ID_021,2020-07-01,7,27,69106,38,85,137
ID_021,2020-07-02,8,29,77407,38,87,161
ID_021,2020-07-04,9,32,83993,38,96,186
ID_021,2020-07-08,10,35,95451,40,99,210
ID_021,2020-07-23,11,39,111008,40,100,232
ID_021,2020-08-14,12,41,111105,40,100,240
ID_021,2020-08-15,13,42,117056,40,102,260
ID_021,2020-08-16,14,42,123616,40,105,280
ID_021,2020-08-17,15,42,129223,40,107,301
ID_021,2020-08-18,17,44,142380,44,117,339
ID_021,2020-08-19,18,54,144848,46,117,364
ID_022,2020-06-29,1,0,8,0,0,4
ID_022,2020-06-30,9,0,18,0,0,9
ID_022,2020-07-01,18,1,9623,0,0,23
ID_022,2020-07-03,20,1,16095,0,0,37
ID_022,2020-07-07,24,5,40058,0,22,96
ID_022,2020-07-08,33,9,62840,0,26,181
ID_022,2020-07-09,34,13,70039,0,29,202
ID_022,2020-07-11,41,13,79728,0,39,221
ID_022,2020-07-12,43,15,84007,0,39,246
ID_022,2020-07-13,44,26,92608,2,48,299
ID_022,2020-07-15,47,35,99627,2,53,338
ID_022,2020-07-17,49,35,99640,2,53,338
ID_022,2020-07-18,50,38,106071,2,54,355
ID_022,2020-07-19,55,41,120011,3,67,402
ID_022,2020-07-20,65,47,140361,4,89,533
ID_022,2020-07-21,71,56,153421,5,101,577
ID_022,2020-07-22,76,73,160486,9,104,680
ID_022,2020-07-23,85,81,169122,11,105,770
ID_022,2020-07-24,88,106,181971,24,119,888
ID_022,2020-07-25,95,141,203916,24,125,1103
ID_022,2020-07-26,104,162,227578,29,134,1285
ID_022,2020-07-27,112,178,244619,29,144,1398
ID_022,2020-07-28,115,179,257174,29,145,1445
ID_022,2020-07-29,121,190,277297,30,168,1579
ID_022,2020-07-30,142,214,337897,32,204,1821
ID_022,2020-07-31,174,254,447165,39,237,2257
ID_022,2020-08-01,175,257,454205,39,239,2271
ID_022,2020-08-02,179,257,454209,39,239,2271
ID_022,2020-12-24,182,257,454212,39,239,2271
ID_022,2021-02-16,185,257,454317,39,239,2271
ID_023,2020-07-08,1,0,10,0,0,1
ID_023,2020-07-13,3,0,12320,0,0,23
ID_023,2020-07-14,5,2,31621,0,58,48
ID_023,2020-07-15,6,6,38452,0,60,61
ID_023,2020-07-19,7,10,45386,0,66,78
ID_023,2020-07-21,8,10,45387,0,66,78
ID_023,2020-08-06,9,12,57002,1,74,99
ID_023,2020-08-18,10,12,57022,1,74,99
ID_023,2020-08-19,13,13,57045,1,74,99
ID_023,2020-08-20,14,17,57551,1,74,115
ID_023,2020-08-22,19,20,63974,4,75,163
ID_023,2020-08-25,23,20,63978,4,75,163
ID_023,2020-08-26,24,22,69481,7,75,184
ID_023,2020-08-27,28,35,88157,12,101,269
ID_023,2020-08-28,29,42,98765,18,118,356
ID_023,2020-08-29,32,58,106133,23,119,416
ID_023,2020-08-30,35,66,123200,28,125,533
ID_023,2020-08-31,42,72,134691,29,129,593
ID_023,2020-09-01,48,110,175603,36,162,840
ID_023,2020-09-02,50,112,181552,39,166,865
ID_023,2020-09-03,52,118,188559,42,168,904
ID_023,2020-09-04,62,130,241360,53,182,1110
ID_023,2021-08-31,63,130,241361,53,182,1110
ID_025,2020-07-27,3,0,10890,2,43,20
ID_025,2020-08-16,4,9,23868,4,83,38
ID_025,2020-08-19,5,9,23869,4,83,38
ID_025,2020-09-06,6,9,23881,4,83,38
ID_025,2020-11-24,11,9,59003,18,235,73
ID_025,2021-05-10,12,9,62988,18,238,77
ID_025,2021-05-17,14,9,71959,18,243,80
ID_024,2020-08-05,2,9,11198,0,4,38
ID_024,2020-08-07,3,17,19532,0,6,60
ID_024,2020-08-08,4,28,27034,0,11,106
ID_024,2020-08-10,5,32,36279,2,220,127
ID_024,2020-08-22,6,35,41372,3,220,143
ID_024,2020-08-23,7,37,48195,4,227,160
ID_024,2020-08-30,9,37,55797,7,227,199
ID_024,2020-09-01,10,37,60374,7,227,223
ID_024,2020-09-03,11,39,65312,7,228,248
ID_024,2020-09-04,12,42,75461,7,229,273
ID_024,2020-09-11,14,42,75463,7,229,273
ID_024,2020-09-14,20,65,97423,7,240,390
ID_024,2020-09-15,23,66,111516,7,241,461
ID_024,2020-09-16,29,69,137707,9,261,558
ID_024,2020-09-17,30,70,143807,9,263,576
ID_024,2020-09-18,31,72,150174,9,267,596
ID_024,2020-09-19,32,73,156452,9,270,614
ID_024,2020-11-24,34,74,162073,12,270,623
ID_024,2020-11-27,35,75,167683,12,270,632
ID_024,2020-11-28,37,76,178819,12,270,651
ID_024,2020-11-29,38,78,185139,12,287,666
ID_024,2020-12-01,40,78,185145,12,287,667
ID_026,2020-09-03,1,4,8583,0,31,29
ID_026,2020-09-07,2,12,18173,3,55,52
ID_026,2020-09-09,4,14,31032,3,61,103
ID_026,2020-09-14,7,15,37131,3,63,125
ID_026,2020-09-15,8,32,37173,3,63,125
ID_026,2020-09-16,9,33,43609,3,64,148
ID_026,2020-09-20,10,37,50764,3,70,174
ID_026,2020-09-23,11,37,59040,5,87,195
ID_026,2020-10-02,12,46,65641,5,92,213
ID_026,2020-10-07,13,47,72209,7,176,233
ID_027,2020-09-20,1,2,5747,3,4,22
ID_027,2020-09-23,3,17,23264,4,30,65
ID_027,2020-09-24,4,21,29876,5,33,101
ID_027,2020-09-26,5,30,35744,7,34,125
ID_027,2020-09-29,6,35,41904,7,35,150
ID_027,2020-10-02,7,37,51087,7,39,168
ID_027,2020-10-06,8,41,57057,7,41,190
ID_027,2020-10-09,11,47,69941,9,46,235
ID_027,2020-10-12,12,47,69942,9,46,235
ID_027,2020-10-13,13,51,76297,9,46,258
ID_027,2020-10-21,14,51,76535,9,46,269
ID_029,2020-10-07,1,6,7939,2,15,18
ID_029,2020-10-17,3,14,19896,2,18,47
ID_029,2020-10-27,4,17,27449,2,27,62
ID_029,2020-11-05,5,17,27463,2,27,62
ID_029,2020-11-18,6,24,33523,2,30,76
ID_028,2020-09-28,3,39,45183,14,198,89
ID_028,2020-10-10,4,65,56359,20,206,138
ID_028,2020-10-17,5,70,68520,20,214,161
ID_028,2020-11-05,6,78,76364,20,222,181
ID_028,2020-11-14,7,82,81692,20,223,198
ID_028,2020-11-15,8,89,87553,23,225,217
ID_028,2020-11-16,10,89,87623,23,225,217
ID_028,2020-11-17,13,96,97678,24,232,258
ID_028,2020-11-18,16,101,113296,24,240,298
ID_028,2020-11-19,17,101,118117,24,241,306
ID_028,2020-11-20,19,101,118120,24,241,306
ID_028,2020-11-21,23,111,137986,30,324,344
ID_028,2020-11-22,30,117,170476,34,346,408
ID_028,2021-02-28,31,121,177579,49,362,420
ID_028,2021-03-01,33,128,194187,52,384,440
ID_028,2021-03-02,34,130,202924,57,391,458
ID_028,2021-05-10,35,130,208736,57,397,461
ID_028,2021-05-16,37,130,218681,57,403,471
ID_028,2021-05-20,38,130,224766,60,407,473
ID_028,2021-05-24,41,130,234526,60,409,475
ID_030,2020-10-21,1,2,7305,0,16,14
ID_030,2020-10-23,2,3,15129,0,26,30
ID_030,2020-10-28,3,4,22301,3,29,42
ID_030,2020-11-20,4,8,28795,4,43,53
ID_030,2021-01-07,6,11,35577,10,77,63
ID_030,2021-01-26,8,13,49242,17,100,75
ID_038,2020-11-06,1,8,23,0,0,0
ID_038,2020-11-18,2,11,11344,7,26,25
ID_038,2020-11-20,3,15,28885,13,47,46
ID_038,2020-11-23,4,21,36911,13,53,62
ID_038,2020-11-24,6,23,46107,16,63,73
ID_038,2020-11-25,9,37,70882,23,72,131
ID_038,2020-11-26,11,43,80156,23,83,141
ID_038,2020-11-27,13,49,87588,28,94,154
ID_038,2020-12-07,14,51,93360,29,95,165
ID_038,2020-12-09,15,53,99144,31,95,174
ID_038,2020-12-24,21,64,119620,32,100,204
ID_038,2020-12-26,22,65,132581,34,125,214
ID_038,2020-12-31,23,65,138281,34,128,222
ID_037,2020-11-05,6,1,1616,0,0,6
ID_037,2020-11-17,7,1,2193,0,0,8
ID_037,2020-11-24,8,1,2867,0,0,11
ID_037,2020-12-14,10,6,4246,0,0,28
ID_037,2020-12-15,11,6,4249,0,0,28
ID_037,2020-12-19,12,6,4251,0,0,28
ID_037,2020-12-22,13,6,4253,0,0,28
ID_037,2020-12-26,14,8,10200,0,0,39
ID_037,2020-12-27,21,19,24167,3,1,111
ID_037,2020-12-28,28,19,24332,3,1,111
ID_037,2020-12-29,45,23,36010,4,9,181
ID_037,2020-12-30,103,77,113191,8,19,571
ID_037,2020-12-31,192,185,403078,123,56,1776
ID_032,2020-10-29,1,0,3887,1,4,6
ID_032,2020-11-16,2,0,4003,1,4,6
ID_033,2020-10-29,1,4,10533,3,16,20
ID_033,2020-11-09,2,9,18023,3,19,46
ID_033,2020-11-11,4,16,30979,3,21,95
ID_033,2020-11-18,7,18,37863,3,22,109
ID_033,2020-11-19,8,23,48194,8,45,136
ID_033,2020-11-23,10,43,68882,20,88,183
ID_033,2020-11-24,11,45,78186,24,101,199
ID_033,2020-11-25,12,46,85269,25,117,213
ID_033,2020-12-01,13,50,93973,25,119,229
ID_033,2020-12-04,15,54,109806,32,149,260
ID_033,2020-12-05,16,70,115939,35,153,279
ID_033,2020-12-06,20,84,125110,35,156,307
ID_033,2020-12-07,37,136,197669,62,183,494
ID_033,2020-12-28,38,136,197761,62,183,494
ID_033,2021-01-25,39,136,203511,66,183,504
ID_033,2021-02-02,40,137,213491,71,206,511
ID_036,2020-11-18,1,0,276,0,1,0
ID_036,2020-12-22,2,2,8143,7,72,14
ID_034,2020-11-01,1,5,6850,0,1,14
ID_034,2020-11-02,5,14,31494,2,67,54
ID_034,2020-11-03,6,15,42447,3,77,67
ID_034,2020-11-04,8,15,42449,3,77,67
ID_034,2020-11-12,9,20,51420,4,86,82
ID_034,2020-11-18,10,23,65609,11,137,105
ID_035,2020-12-22,1,2,5240,17,28,8
ID_039,2020-11-19,2,1,13116,2,1,15
ID_039,2020-11-24,4,2,26027,5,2,35
ID_039,2020-11-26,5,2,26088,5,2,35
ID_039,2020-11-29,6,3,32369,5,3,48
ID_039,2020-11-30,8,22,46228,5,6,104
ID_039,2020-12-03,9,27,52718,5,7,119
ID_039,2020-12-04,10,30,56558,5,10,133
ID_039,2020-12-06,13,31,61585,5,12,163
ID_039,2020-12-07,15,32,67402,5,13,176
ID_039,2020-12-10,16,32,67408,5,13,176
ID_039,2020-12-11,17,34,67845,5,13,185
ID_039,2020-12-12,19,38,73941,8,14,200
ID_039,2020-12-13,20,38,79346,8,16,212
ID_039,2020-12-16,23,50,91336,8,20,300
ID_039,2020-12-18,28,61,99694,13,33,378
ID_039,2020-12-19,30,63,111490,31,37,401
ID_039,2020-12-20,31,71,118727,43,40,421
ID_039,2020-12-22,36,71,124629,47,41,458
ID_039,2020-12-23,38,74,136556,49,42,483
ID_039,2020-12-24,40,81,147333,52,48,541
ID_039,2020-12-28,44,91,164362,58,49,566
ID_040,2020-12-09,3,12,380,0,0,13
ID_040,2020-12-14,5,16,9167,0,5,51
ID_040,2020-12-22,7,29,12126,0,5,72
ID_040,2020-12-24,8,37,24376,6,41,82
ID_040,2021-01-06,9,43,31970,6,51,102
ID_040,2021-01-14,10,45,39803,12,57,119
ID_040,2021-01-16,11,51,48037,14,77,141
ID_040,2021-01-28,12,52,55114,19,87,158
ID_040,2021-02-02,13,54,62211,21,87,168
ID_040,2021-02-09,14,58,74024,27,263,192
ID_041,2020-12-10,3,1,18236,6,1,13
ID_041,2020-12-17,24,1,18453,6,1,13
ID_041,2020-12-18,36,18,40933,7,161,59
ID_041,2020-12-19,38,22,48511,7,162,71
ID_041,2020-12-20,40,23,53789,32,162,88
ID_041,2020-12-21,41,30,59328,49,245,100
ID_041,2020-12-22,44,36,65020,49,252,115
ID_041,2020-12-23,45,36,72713,52,256,133
ID_041,2020-12-24,47,39,79682,52,258,187
ID_041,2020-12-25,50,42,98028,52,268,254
ID_041,2020-12-26,58,49,132407,52,287,340
ID_041,2020-12-27,69,68,176144,59,306,487
ID_042,2020-12-18,2,7,6626,2,1,11
ID_042,2020-12-19,8,12,16327,20,5,44
ID_042,2020-12-21,9,12,16329,20,5,44
ID_042,2020-12-22,11,17,21228,20,6,80
ID_042,2020-12-26,12,17,21286,20,6,80
ID_042,2020-12-27,27,17,21301,20,6,80
ID_042,2020-12-30,31,17,21306,20,6,80
ID_042,2020-12-31,32,17,21409,20,6,80
ID_042,2021-01-01,39,17,21416,20,6,80
ID_042,2021-01-06,40,23,25982,20,6,98
ID_042,2021-01-20,42,26,30182,26,6,108
ID_042,2021-01-21,57,28,34665,29,7,119
ID_042,2021-01-22,60,29,46208,37,11,147
ID_042,2021-01-23,65,34,66735,44,42,198
ID_042,2021-01-24,72,36,84644,59,56,239
ID_042,2021-01-25,79,39,113244,78,73,306
ID_043,2020-12-29,1,2,11463,2,10,17
ID_043,2021-01-06,2,13,22372,7,12,49
ID_043,2021-01-10,3,13,22436,7,12,49
ID_043,2021-01-13,4,24,31448,11,17,84
ID_043,2021-01-19,5,24,31523,11,17,84
ID_043,2021-01-30,6,38,38770,17,31,132
ID_043,2021-02-05,7,38,38771,17,31,132
ID_043,2021-02-26,8,45,47228,24,68,154
ID_043,2022-11-08,9,45,48301,24,71,160
ID_045,2021-01-07,1,1,11535,0,22,18
ID_045,2021-01-20,2,3,17799,6,23,42
ID_045,2021-01-22,4,9,25097,10,24,87
ID_045,2021-01-23,5,9,25187,10,24,87
ID_045,2021-01-25,6,13,32276,14,28,123
ID_045,2021-02-04,7,13,32469,14,28,123
ID_045,2021-02-08,8,17,36115,17,28,145
ID_045,2021-02-12,9,26,40401,27,31,166
ID_045,2021-02-13,10,29,50608,33,33,186
ID_045,2021-02-19,11,29,50672,33,33,186
ID_045,2021-02-22,23,62,104280,86,86,377
ID_045,2021-02-23,31,83,145938,131,197,503
ID_045,2021-02-24,36,85,171642,163,207,584
ID_045,2021-02-25,38,85,171836,163,207,584
ID_045,2021-03-07,39,86,177627,167,214,598
ID_045,2021-04-23,40,86,177629,167,214,598
ID_045,2021-05-13,42,86,182324,167,215,604
ID_045,2021-05-17,43,86,186572,167,215,605
ID_045,2021-05-20,45,86,194469,167,217,608
ID_045,2021-05-21,47,86,198932,167,217,608
ID_045,2021-05-24,48,86,204963,167,217,609
ID_045,2021-05-26,49,86,209114,167,218,610
ID_045,2022-01-08,50,86,211747,167,223,616
ID_046,2021-01-27,2,4,10104,7,49,19
ID_046,2021-01-28,3,13,36507,11,136,70
ID_046,2021-02-04,4,15,43024,15,143,85
ID_046,2021-02-05,5,16,55327,17,149,102
ID_046,2021-02-07,6,25,77878,23,155,115
ID_046,2021-02-09,8,30,83985,30,159,135
ID_046,2021-02-10,10,32,98360,43,189,154
ID_046,2021-02-12,11,41,126902,54,203,172
ID_046,2021-02-15,13,49,139021,64,225,194
ID_046,2021-02-26,14,49,145852,72,235,214
ID_046,2021-03-02,15,52,152564,74,260,231
ID_046,2021-03-03,16,54,159133,76,267,245
ID_046,2021-03-05,18,60,168430,79,273,275
ID_046,2021-03-06,20,61,173121,82,274,290
ID_046,2021-03-07,29,84,224593,113,294,422
ID_046,2021-03-08,30,89,232525,116,301,439
ID_046,2021-03-11,31,89,232608,116,301,443
ID_046,2021-04-29,32,89,232635,116,301,443
ID_046,2021-05-03,33,89,232636,116,301,443
ID_047,2021-02-10,2,34,18932,19,81,48
ID_047,2021-02-21,3,42,27141,26,88,71
ID_047,2021-02-24,4,57,34813,32,102,100
ID_047,2021-04-05,5,72,44249,35,153,119
ID_047,2021-04-06,9,74,61934,49,207,178
ID_047,2021-04-07,10,74,67062,50,211,189
ID_047,2021-04-08,17,78,106653,58,257,255
ID_047,2021-04-09,18,79,112936,62,265,264
ID_048,2021-02-24,3,11,15082,31,9,78
ID_048,2021-02-25,4,11,15279,31,9,79
ID_048,2021-02-27,5,11,20865,39,11,98
ID_048,2021-02-28,7,26,29915,56,19,150
ID_048,2021-03-05,8,30,39547,61,26,176
ID_048,2021-03-08,9,35,47294,68,41,207
ID_048,2021-03-09,11,36,54444,74,42,231
ID_048,2021-03-12,12,50,61581,86,57,256
ID_048,2021-03-18,14,50,61671,86,57,256
ID_048,2021-03-19,15,54,67472,97,59,277
ID_048,2021-04-14,16,59,73131,98,65,288
ID_048,2021-04-15,17,83,79090,107,111,330
ID_048,2021-04-16,19,87,82631,107,111,350
ID_048,2021-04-17,24,92,93586,118,121,384
ID_048,2021-04-18,25,94,98575,119,127,395
ID_048,2021-04-19,26,96,103680,123,131,410
ID_048,2021-04-20,30,99,116583,128,150,428
ID_048,2021-04-21,31,102,120599,128,151,438
ID_049,2021-03-08,2,17,22339,22,28,74
ID_049,2021-03-11,3,22,37333,30,44,115
ID_049,2021-03-18,4,22,37395,31,44,115
ID_049,2021-10-05,5,22,37396,31,44,115
ID_050,2021-04-01,1,1,1333,2,0,5
ID_050,2021-04-02,2,18,8969,7,19,31
ID_050,2021-04-06,4,22,18039,13,23,50
ID_050,2021-04-07,6,23,27074,17,28,71
ID_050,2021-04-27,11,23,27164,17,28,71
ID_050,2021-04-29,12,23,27191,17,28,71
ID_050,2021-06-06,13,23,27192,17,28,71
ID_051,2021-04-02,1,0,67,0,0,0
ID_051,2021-04-03,2,4,8114,8,50,6
ID_051,2021-04-05,5,40,34264,21,224,100
ID_051,2021-04-06,7,53,48032,28,241,136
ID_051,2021-04-07,10,75,54023,30,257,165
ID_051,2021-04-08,11,76,59907,31,260,180
ID_051,2021-04-09,12,87,63576,32,262,205
ID_051,2021-04-11,13,93,67783,39,275,225
ID_051,2021-04-12,16,108,88274,50,313,268
ID_051,2021-04-13,17,128,92787,58,316,294
ID_051,2021-04-14,18,135,99939,64,352,324
ID_051,2021-04-15,20,149,110209,70,362,364
ID_051,2021-04-16,21,154,114381,70,364,385
ID_051,2021-04-21,23,161,123841,75,370,415
ID_051,2021-04-22,24,161,128542,78,388,428
ID_051,2021-04-26,25,164,134573,83,401,450
ID_051,2021-04-29,26,172,140010,84,406,466
ID_051,2021-05-03,27,174,144726,91,411,478
ID_051,2021-05-06,28,174,144752,91,411,478
ID_051,2021-05-14,29,176,148390,92,411,493
ID_051,2021-05-15,30,182,152860,92,413,502
ID_051,2021-05-19,31,202,183065,123,508,635
ID_051,2021-05-23,32,202,183066,123,508,635
ID_051,2021-05-24,34,224,199072,126,566,681
ID_051,2021-05-25,43,259,242849,143,786,808
ID_051,2021-05-27,44,261,247842,144,813,815
ID_051,2021-05-31,45,261,247862,144,813,815
ID_051,2021-06-01,53,262,270182,155,819,823
ID_051,2021-08-23,54,262,276294,156,845,836
ID_053,2021-04-19,1,1,7044,16,20,6
ID_053,2021-04-20,2,7,11254,18,29,23
ID_053,2021-04-22,4,13,16334,22,31,35
ID_053,2021-04-26,6,18,24204,22,41,55
ID_053,2021-05-10,7,18,27912,22,41,64
ID_053,2021-05-14,8,23,32082,22,62,77
ID_053,2021-05-15,11,41,44697,49,117,118
ID_053,2021-05-17,15,41,44743,49,117,118
ID_053,2021-05-18,21,49,56283,54,145,138
ID_053,2021-05-19,23,51,61459,58,150,144
ID_053,2021-05-20,29,55,79480,58,170,160
ID_052,2021-04-07,2,10,19217,17,46,39
ID_052,2021-04-08,3,19,26354,22,71,62
ID_052,2021-04-09,4,21,30134,27,75,78
ID_052,2021-04-12,5,33,38625,33,134,91
ID_052,2021-04-14,7,35,38674,33,134,91
ID_052,2021-04-20,16,64,53414,34,165,106
ID_052,2021-04-21,17,74,58097,39,168,115
ID_052,2021-04-23,21,92,65427,43,197,151
ID_052,2021-04-24,22,93,70402,43,201,158
ID_052,2021-04-29,26,109,81521,47,230,194
ID_052,2021-05-05,28,124,87865,57,239,218
ID_052,2021-05-08,29,126,89721,57,240,223
ID_052,2021-05-11,30,128,94199,57,251,238
ID_052,2021-05-12,31,128,94219,57,251,238
ID_052,2021-05-16,32,128,98046,57,271,243
ID_052,2021-05-21,33,128,98047,57,271,243
ID_052,2021-05-22,34,128,98061,57,271,243
ID_052,2021-05-25,36,128,102806,58,276,251
ID_052,2021-05-29,38,131,119338,67,289,276
ID_052,2021-05-30,39,131,122593,73,289,284
ID_052,2021-05-31,40,134,126575,76,291,292
ID_052,2021-06-02,41,134,130251,79,297,300
ID_052,2021-06-03,42,134,137553,83,321,310
ID_052,2021-06-07,45,138,146506,100,339,334
ID_052,2021-06-09,46,140,150596,110,340,341
ID_052,2021-06-10,47,140,155437,113,362,351
ID_052,2021-06-18,48,142,155557,114,362,352
ID_052,2021-07-11,49,143,160316,115,369,361
ID_052,2021-07-14,51,144,164299,115,401,366
ID_052,2021-11-20,53,144,174164,129,492,386
ID_054,2021-04-20,7,1,16440,7,19,21
ID_054,2021-04-21,8,4,21657,13,23,34
ID_054,2021-04-23,13,4,21847,13,23,34
ID_054,2021-04-24,14,4,27895,19,30,51
ID_054,2021-04-26,20,5,34223,26,38,79
ID_054,2021-04-27,21,6,34225,26,38,79
ID_054,2021-04-29,22,6,34226,26,38,79
ID_054,2021-05-03,23,6,39807,36,44,88
ID_054,2021-05-08,24,10,44753,45,47,105
ID_054,2021-05-10,25,10,44754,45,47,105
ID_054,2021-05-12,28,12,51210,62,56,119
ID_054,2021-05-14,31,20,54362,89,62,161
ID_054,2021-05-17,32,21,58776,96,76,171
ID_054,2021-05-18,33,21,63004,99,81,178
ID_054,2021-05-19,35,30,68845,107,131,211
ID_054,2021-05-20,38,32,72937,112,137,218
ID_054,2021-05-21,41,38,80804,123,147,254
ID_054,2021-05-22,42,38,85566,134,163,280
ID_054,2021-05-23,44,38,89427,139,169,287
ID_054,2021-05-24,49,53,101561,161,275,392
ID_054,2021-05-25,55,57,120237,182,295,439
ID_054,2021-05-26,72,74,171259,254,397,624
ID_056,2021-05-10,1,1,6047,3,20,14
ID_056,2021-05-13,3,1,6049,3,20,14
ID_056,2021-06-26,4,1,9350,3,20,18
ID_056,2021-07-26,5,1,12589,3,24,23
ID_056,2022-01-08,6,3,15144,5,41,31
ID_055,2021-05-06,2,0,36,0,0,0
ID_055,2021-05-10,5,9,15790,15,130,17
ID_055,2021-05-11,6,11,22856,18,189,28
ID_055,2021-05-12,17,28,31676,32,229,105
ID_055,2021-05-13,22,34,34575,33,237,117
ID_055,2021-05-16,24,39,43877,38,265,148
ID_055,2021-05-18,25,41,48092,45,283,159
ID_055,2021-05-20,26,41,48093,45,283,159
ID_055,2021-05-24,30,54,60839,57,424,233
ID_055,2021-05-25,31,54,65712,61,428,242
ID_055,2021-06-02,32,54,68991,64,428,248
ID_055,2021-06-07,33,54,68994,64,428,248
ID_055,2021-06-09,34,62,74025,75,450,284
ID_055,2021-06-10,35,63,74027,75,450,285
ID_055,2021-06-11,36,64,77270,84,483,304
ID_055,2021-06-14,37,76,83157,96,613,344
ID_055,2021-06-16,38,76,83161,96,613,344
ID_055,2021-06-18,39,76,83162,96,613,344
ID_055,2021-06-22,40,76,83216,96,613,344
ID_055,2021-06-25,41,85,83930,98,613,351
ID_055,2021-06-29,42,116,100044,119,988,410
ID_055,2021-06-30,44,121,112564,121,1090,430
ID_055,2021-07-01,45,125,117631,126,1136,440
ID_055,2021-07-05,48,127,126007,133,1238,450
ID_055,2021-07-07,49,130,130331,139,1242,459
ID_055,2023-08-19,50,130,130332,139,1242,459
ID_057,2021-05-17,1,7,6635,6,45,13
ID_057,2021-06-12,2,9,10631,11,46,20
ID_057,2021-07-03,3,10,14124,15,61,29
ID_057,2021-07-05,9,12,29695,37,68,72
ID_057,2021-07-06,14,24,43989,52,144,121
ID_057,2022-04-01,16,24,43991,52,144,121
ID_058,2021-05-31,1,0,39,0,0,0
ID_058,2021-06-02,3,2,6364,5,16,21
ID_058,2021-06-03,5,9,13727,11,26,46
ID_058,2021-06-05,6,10,16901,17,29,51
ID_058,2021-06-06,8,10,20723,22,32,63
ID_058,2021-06-07,14,12,36461,34,44,99
ID_058,2021-07-16,15,13,39624,38,46,106
ID_058,2021-07-20,17,18,43901,51,49,124
ID_058,2021-07-21,18,18,47878,51,50,129
ID_058,2021-07-22,21,20,54370,54,60,142
ID_058,2022-10-16,22,20,54371,54,60,142
ID_059,2021-06-03,1,0,7410,7,33,15
ID_059,2021-06-05,2,5,14828,16,44,40
ID_059,2021-06-10,3,5,14829,16,44,40
ID_059,2021-06-14,5,20,20587,22,58,91
ID_059,2021-06-15,6,30,23124,26,58,107
ID_059,2021-06-17,7,44,29852,34,66,132
ID_059,2021-07-25,8,44,29853,34,66,132
ID_059,2021-07-26,15,46,36617,43,111,162
ID_059,2021-07-27,16,56,44130,47,185,182
ID_059,2021-07-28,18,60,48612,51,194,198
ID_059,2021-07-29,28,61,75973,74,245,255
ID_059,2021-07-30,29,61,75974,74,245,255
ID_059,2021-08-09,30,69,79995,74,247,268
ID_059,2021-08-18,31,70,83625,74,250,273
ID_059,2022-01-25,32,70,85937,74,263,281
ID_059,2022-02-17,34,70,85941,74,263,281
ID_059,2022-06-15,37,70,86734,74,270,298
ID_061,2021-06-02,4,0,71,0,0,0
ID_061,2021-06-07,5,0,81,0,0,0
ID_061,2021-06-15,6,2,5707,5,16,6
ID_061,2021-06-21,7,3,15064,12,44,13
ID_061,2021-06-27,8,7,19587,17,45,31
ID_061,2021-06-28,9,9,24010,17,56,33
ID_061,2021-08-01,10,10,31136,17,65,49
ID_061,2021-08-03,11,12,35408,19,69,68
ID_061,2021-08-04,13,20,38885,20,72,85
ID_061,2021-08-09,14,20,42732,22,75,105
ID_061,2021-08-10,16,20,42862,22,75,105
ID_061,2021-08-13,17,21,43031,22,75,106
ID_061,2021-08-16,18,26,44333,24,82,120
ID_061,2021-08-17,20,32,52514,31,109,135
ID_061,2021-08-19,22,38,61292,32,177,161
ID_061,2021-09-12,23,42,66712,38,181,171
ID_061,2021-09-23,24,42,66713,38,181,171
ID_061,2021-09-24,25,42,66714,38,181,171
ID_060,2021-06-11,1,5,8215,10,59,6
ID_060,2021-06-15,3,14,17812,19,113,40
ID_060,2021-06-16,5,19,22660,29,127,73
ID_060,2021-06-17,6,19,22670,29,127,73
ID_060,2021-06-18,7,19,27582,30,128,82
ID_060,2021-06-20,8,25,31282,33,133,102
ID_060,2021-06-23,11,33,36200,40,134,114
ID_060,2021-07-07,12,33,36283,40,134,114
ID_060,2021-07-09,15,34,39599,40,134,125
ID_060,2021-07-22,16,38,49101,44,163,152
ID_060,2021-07-27,18,38,49103,44,163,152
ID_060,2021-08-03,22,47,61723,48,269,184
ID_060,2021-08-04,23,50,66892,54,306,202
ID_060,2021-08-05,26,54,77201,58,332,230
ID_060,2021-09-10,27,57,77202,58,332,230
ID_060,2023-04-16,28,57,77820,58,332,235
ID_062,2021-06-23,1,0,2,0,0,0
ID_062,2021-06-28,2,1,9763,3,87,30
ID_062,2021-06-30,3,5,12204,4,87,46
ID_062,2021-07-01,4,5,16442,7,88,53
ID_062,2021-07-08,5,8,20085,8,88,68
ID_062,2021-07-09,6,19,23559,13,89,80
ID_062,2021-07-20,8,20,29032,13,109,98
ID_062,2021-07-22,9,20,31716,17,109,103
ID_062,2021-07-23,10,20,34930,20,113,110
ID_062,2021-07-25,13,29,44958,29,133,150
ID_062,2021-07-26,14,45,48301,34,145,161
ID_062,2021-07-27,16,45,60035,36,150,177
ID_062,2021-07-29,17,49,63398,39,151,185
ID_062,2021-07-30,18,49,67111,41,154,189
ID_062,2021-07-31,19,50,71465,41,157,196
ID_062,2021-08-04,20,57,77569,43,272,208
ID_062,2021-08-05,21,65,82380,46,292,219
ID_063,2021-06-28,1,0,5474,0,44,7
ID_063,2021-07-01,3,0,16226,8,88,29
ID_063,2021-07-06,4,0,20796,12,97,46
ID_063,2021-07-07,7,5,35703,17,146,98
ID_063,2021-08-10,10,12,47086,23,192,121
ID_063,2021-08-11,12,19,58806,30,290,156
ID_063,2021-08-12,19,26,104176,35,576,236
ID_063,2021-08-15,20,26,109058,35,594,241
ID_065,2021-07-18,4,0,14085,10,1,4
ID_065,2021-07-28,6,14,19853,17,3,24
ID_065,2021-07-29,7,14,23825,20,3,33
ID_065,2021-08-09,10,14,23830,20,3,34
ID_065,2021-08-10,11,14,23831,20,3,34
ID_065,2021-08-11,14,14,23992,20,3,34
ID_065,2021-08-12,17,22,30258,28,20,78
ID_065,2021-08-13,19,22,34252,35,21,117
ID_065,2021-08-15,22,24,40685,47,26,170
ID_065,2021-08-16,23,24,40734,47,26,170
ID_065,2021-08-18,25,40,43517,51,28,209
ID_065,2021-08-20,27,46,51902,58,34,250
ID_065,2021-08-21,34,48,61527,64,41,290
ID_065,2021-08-22,39,50,72152,83,54,451
ID_065,2021-08-23,42,66,79188,123,81,538
ID_065,2021-08-24,46,69,89013,142,101,674
ID_065,2021-08-25,54,100,112317,174,170,885
ID_065,2021-08-26,58,100,125899,180,175,913
ID_066,2021-08-02,2,2,11047,13,9,10
ID_066,2021-08-03,3,2,14676,15,10,26
ID_066,2021-08-04,4,2,14677,15,10,26
ID_066,2021-08-17,5,2,21703,15,81,35
ID_066,2021-09-02,6,2,25080,18,86,54
ID_066,2021-09-07,9,17,39942,26,125,106
ID_066,2021-09-10,10,20,43020,29,134,128
ID_066,2021-09-29,11,20,43021,29,134,128
ID_066,2021-10-12,12,20,47973,38,154,143
ID_066,2021-10-13,14,25,68760,48,240,175
ID_066,2021-10-15,16,26,74687,48,249,198
ID_066,2021-10-21,17,27,81000,48,268,208
ID_066,2022-03-02,21,29,87761,48,325,231
ID_066,2022-03-03,23,29,92953,50,370,246
ID_066,2022-03-04,24,29,94962,50,376,253
ID_066,2022-03-05,25,31,99121,50,409,264
ID_066,2022-07-18,26,31,99125,50,409,265
ID_064,2021-07-19,5,2,12207,9,1,4
ID_064,2021-07-21,6,2,12208,9,1,4
ID_064,2021-08-09,12,2,12495,9,1,4
ID_064,2021-08-25,13,2,12524,9,1,4
ID_064,2021-08-26,14,3,15981,14,1,15
ID_064,2021-08-27,19,31,20761,32,15,96
ID_064,2021-08-29,25,34,27366,41,49,140
ID_064,2021-08-30,49,126,53935,114,358,524
ID_064,2021-08-31,86,193,129694,291,510,1021
ID_068,2021-07-20,4,0,11162,1,2,4
ID_068,2021-08-19,5,0,11234,1,2,4
ID_068,2021-08-24,6,0,11238,1,2,4
ID_068,2021-08-26,7,0,15666,4,7,18
ID_068,2021-09-01,8,0,15667,4,7,18
ID_068,2021-09-05,9,1,19034,9,10,33
ID_068,2021-09-06,13,2,22733,13,12,39
ID_068,2021-09-08,16,8,27190,17,14,66
ID_068,2021-09-09,21,34,35921,48,40,209
ID_068,2021-09-10,59,100,81916,162,133,572
ID_067,2021-07-29,1,6,7403,1,24,7
ID_067,2021-08-09,2,11,11893,3,25,29
ID_067,2021-08-11,5,23,26991,20,46,60
ID_067,2021-08-13,6,23,32681,20,57,74
ID_067,2021-08-24,7,23,36095,22,57,80
ID_067,2021-09-06,9,27,40918,25,63,91
ID_067,2021-09-19,10,27,52581,31,66,97
ID_067,2021-09-27,12,29,59617,39,104,123
ID_067,2021-09-28,13,29,59618,39,104,123
ID_067,2021-12-25,14,30,62007,45,121,126
ID_072,2021-08-19,2,0,5901,2,1,2
ID_072,2021-09-21,4,0,5906,2,1,2
ID_072,2021-09-22,6,0,5913,3,1,2
ID_072,2021-09-23,11,26,11398,20,21,45
ID_072,2021-09-24,13,26,11401,20,21,45
ID_072,2021-10-02,14,26,11402,20,21,45
ID_072,2021-10-14,15,26,11414,20,21,46
ID_072,2021-10-19,16,26,14944,28,27,69
ID_072,2021-10-20,17,40,18751,51,39,104
ID_072,2021-10-21,19,44,22037,54,42,118
ID_072,2021-10-22,21,44,22076,54,42,118
ID_072,2021-10-23,25,66,32409,67,82,184
ID_072,2021-10-24,33,68,44120,84,125,237
ID_073,2021-08-27,3,0,8515,5,13,1
ID_073,2021-09-26,4,4,12103,8,19,12
ID_073,2021-10-04,11,17,16097,147,42,73
ID_073,2021-10-05,13,29,20930,191,70,130
ID_073,2021-10-06,14,29,20931,191,70,130
ID_073,2021-10-07,36,62,36600,225,112,276
ID_073,2021-10-08,55,85,66912,291,201,440
ID_070,2021-08-16,1,2,5319,5,8,4
ID_070,2021-08-29,2,13,14403,11,23,19
ID_070,2021-09-29,3,13,14404,11,23,19
ID_070,2021-10-05,4,13,14407,11,23,19
ID_070,2021-10-07,5,13,14408,11,23,19
ID_070,2021-10-09,7,13,14417,11,23,19
ID_070,2021-10-10,8,13,14419,12,23,19
ID_070,2021-10-11,33,15,14490,13,24,20
ID_070,2021-10-12,113,16,16574,13,36,22
ID_070,2021-10-13,114,16,16644,13,36,22
ID_069,2021-08-17,2,6,9532,16,12,10
ID_069,2021-08-25,3,6,12185,17,13,17
ID_069,2021-09-07,5,6,15142,22,16,28
ID_069,2021-09-08,6,6,17292,26,18,39
ID_069,2021-09-09,7,6,17333,26,18,39
ID_069,2021-09-10,8,7,20185,27,20,51
ID_069,2021-09-12,9,7,20188,27,20,51
ID_069,2021-09-16,10,7,23967,30,25,64
ID_069,2021-09-17,11,7,26648,33,27,75
ID_069,2021-09-18,12,7,29389,38,30,84
ID_069,2021-09-23,13,7,29399,38,30,86
ID_069,2021-09-24,14,8,32587,42,35,92
ID_069,2021-09-28,15,8,36603,46,48,101
ID_069,2021-09-29,16,12,40569,54,61,110
ID_069,2021-09-30,17,12,43833,56,70,119
ID_069,2021-10-19,18,12,46068,58,72,126
ID_069,2021-10-24,19,12,48726,58,77,130
ID_071,2021-08-30,1,1,6768,3,75,6
ID_071,2021-08-31,2,1,6770,3,75,6
ID_071,2021-09-02,3,3,12151,7,128,15
ID_071,2021-09-11,4,3,17421,8,176,29
ID_071,2021-09-14,6,5,22602,13,222,35
ID_071,2021-09-20,9,32,33168,18,360,67
ID_071,2021-09-29,10,32,33169,18,360,67
ID_071,2021-10-25,11,32,33170,18,360,67
ID_071,2021-12-29,12,32,40110,25,418,83
ID_074,2021-09-17,1,1,2222,1,0,5
ID_074,2021-09-18,3,7,8111,1,30,12
ID_074,2021-09-19,4,8,10314,1,30,21
ID_074,2021-09-23,5,8,11561,1,32,38
ID_074,2021-09-25,7,11,15337,3,32,57
ID_074,2021-09-27,8,11,18376,3,33,71
ID_074,2021-09-29,9,11,18377,3,33,71
ID_074,2021-10-13,10,11,18454,3,33,73
ID_074,2021-10-14,11,11,21618,3,34,87
ID_074,2021-10-15,12,11,24005,5,34,93
ID_074,2021-10-16,14,11,29910,13,38,107
ID_074,2021-10-18,15,18,34583,24,53,134
ID_074,2021-10-19,18,18,43356,24,71,161
ID_074,2021-10-21,19,18,43357,24,71,161
ID_075,2021-09-23,1,2,3094,0,14,2
ID_075,2021-09-29,2,2,3101,0,14,4
ID_075,2021-10-14,3,2,5393,0,15,12
ID_075,2021-10-15,4,2,5614,4,15,18
ID_075,2021-10-17,6,3,11633,9,29,32
ID_075,2021-10-19,11,3,26292,13,60,67
ID_076,2021-09-27,1,0,6304,0,82,12
ID_076,2021-09-30,3,0,10283,9,91,41
ID_076,2021-10-01,4,0,10284,9,91,41
ID_076,2021-10-21,5,1,12559,11,105,51
ID_076,2021-10-25,6,4,16033,14,110,69
ID_076,2021-10-28,7,14,21369,18,160,95
ID_076,2021-11-10,8,21,26868,20,216,113
ID_077,2021-10-11,1,0,3372,1,17,2
ID_077,2021-10-20,2,2,6778,1,35,14
ID_077,2021-12-24,3,3,9386,2,35,21
ID_077,2021-12-27,4,3,14476,2,102,29
ID_077,2023-05-11,5,3,14598,2,102,29
ID_078,2021-10-11,1,0,5181,2,48,12
ID_078,2021-10-22,2,1,8770,2,90,27
ID_078,2021-10-25,3,1,13475,3,126,38
ID_078,2022-02-19,4,3,15626,3,144,44
ID_079,2021-10-13,1,1,3316,1,15,5
ID_079,2021-10-22,2,3,6326,4,15,12
ID_079,2021-10-23,4,3,12667,4,48,32
ID_079,2021-10-24,6,3,20029,9,76,48
ID_079,2021-10-25,9,10,30705,17,148,89
ID_082,2021-11-23,1,2,4061,0,143,16
ID_082,2021-11-30,2,9,5406,3,158,22
ID_082,2021-12-01,3,15,7620,6,197,36
ID_082,2021-12-03,4,29,9166,9,209,51
ID_082,2021-12-17,5,31,11800,9,294,68
ID_082,2021-12-18,6,46,12914,12,305,83
ID_082,2021-12-21,9,49,21810,19,386,117
ID_081,2021-11-15,2,5,9259,1,204,37
ID_081,2021-11-16,3,11,12097,4,255,61
ID_081,2021-11-17,4,11,12098,4,255,61
ID_081,2021-11-19,5,27,36041,9,397,95
ID_081,2021-11-23,6,27,40983,13,456,115
ID_081,2021-12-08,7,30,43537,13,471,119
ID_081,2021-12-09,11,44,60187,17,603,170
ID_080,2021-11-05,1,1,4550,1,119,10
ID_080,2021-11-08,2,1,9794,3,234,20
ID_080,2021-12-03,4,7,13952,10,242,39
ID_080,2021-12-04,5,9,15608,14,272,50
ID_080,2021-12-06,8,16,20973,20,288,77
ID_080,2021-12-07,13,26,27700,35,315,110
ID_080,2021-12-08,30,53,53761,101,548,236
ID_080,2021-12-15,31,53,55385,102,574,243
ID_080,2022-01-11,32,58,57719,102,582,254
ID_086,2021-12-03,1,0,5,0,0,0
ID_086,2021-12-06,2,0,5678,2,189,10
ID_086,2021-12-12,3,1,11652,6,271,31
ID_086,2021-12-15,4,1,11653,6,271,31
ID_086,2021-12-16,5,2,16147,6,303,48
ID_086,2021-12-19,6,14,20917,11,336,99
ID_086,2021-12-21,10,37,33407,21,586,222
ID_086,2022-01-14,11,37,35416,21,591,244
ID_086,2022-01-21,12,37,36707,21,592,246
ID_086,2022-01-24,13,37,38984,22,597,255
ID_086,2022-01-27,14,37,41441,22,603,265
ID_086,2022-01-28,15,37,44610,24,607,275
ID_086,2022-01-29,17,41,49447,26,616,295
ID_086,2022-01-30,20,41,54783,30,624,313
ID_086,2022-02-02,23,50,59765,36,640,356
ID_086,2022-02-09,27,50,59848,36,640,356
ID_086,2022-02-10,34,51,59963,36,640,356
ID_085,2021-12-03,1,0,3,0,0,0
ID_085,2021-12-06,2,1,5039,1,228,17
ID_085,2022-01-03,3,6,7083,3,298,49
ID_085,2022-01-05,4,8,9450,4,343,66
ID_085,2022-01-06,5,12,10530,7,392,84
ID_085,2022-01-09,8,14,13198,7,424,100
ID_085,2022-01-21,9,14,15003,7,427,104
ID_085,2022-01-30,10,14,17753,8,455,122
ID_085,2022-02-02,11,15,20185,8,476,139
ID_085,2022-02-06,12,16,20212,8,476,139
ID_085,2022-02-07,16,16,20315,8,476,140
ID_085,2022-02-08,25,16,20475,8,476,140
ID_085,2022-02-10,35,18,20710,8,477,145
ID_085,2022-02-15,36,24,24519,8,568,174
ID_084,2021-12-06,3,0,7906,1,32,12
ID_084,2021-12-29,4,1,11631,4,53,24
ID_084,2022-01-04,5,1,14964,10,76,54
ID_084,2022-01-11,6,1,14965,10,76,54
ID_084,2022-01-13,7,31,15556,10,82,73
ID_084,2022-01-15,8,33,16812,10,93,82
ID_084,2022-01-19,9,33,16814,10,93,82
ID_084,2022-01-20,10,35,17024,13,97,88
ID_084,2022-01-21,11,35,18954,13,99,91
ID_084,2022-01-22,12,48,20757,13,106,111
ID_084,2022-01-23,13,49,22133,15,115,122
ID_084,2022-01-24,14,51,24532,16,148,139
ID_084,2022-01-25,25,106,35733,70,215,412
ID_084,2022-01-26,43,203,58068,134,329,795
ID_084,2022-01-27,74,210,75391,149,399,977
ID_084,2022-01-28,116,336,114987,220,503,1698
ID_083,2021-12-03,1,0,4843,0,207,15
ID_083,2021-12-19,2,0,8176,2,236,26
ID_083,2021-12-20,7,5,13521,13,302,76
ID_083,2021-12-21,11,10,23371,24,431,124
ID_083,2021-12-22,18,25,32307,48,496,183
ID_083,2021-12-23,31,27,50953,81,522,272
ID_083,2021-12-24,32,28,52285,82,522,280
ID_083,2021-12-27,34,29,55842,82,522,294
ID_083,2022-01-16,35,29,58268,83,527,303
ID_083,2022-01-23,36,30,61242,85,542,313
ID_083,2022-01-27,37,30,61243,85,542,313
ID_083,2022-04-01,38,30,63207,85,544,320
ID_083,2022-04-02,41,30,65748,85,549,327
ID_083,2022-04-03,42,30,67454,86,554,334
ID_083,2022-04-04,44,30,69814,86,567,342
ID_083,2022-05-31,45,30,71526,86,585,351
ID_087,2022-01-03,1,15,7096,1,294,15
ID_087,2022-01-10,2,29,14097,2,778,30
ID_087,2022-01-12,3,29,14098,2,778,30
ID_087,2022-01-13,4,47,18969,2,900,81
ID_087,2022-01-14,6,47,18971,2,900,81
ID_087,2022-01-15,9,51,24257,2,918,120
ID_087,2022-01-16,11,62,28943,3,992,188
ID_087,2022-01-17,27,80,34485,15,1141,252
ID_087,2022-01-25,28,80,36372,15,1145,265
ID_087,2022-01-27,31,81,36381,15,1145,267
ID_087,2022-01-28,36,98,40707,20,1210,298
ID_087,2022-01-30,37,98,41888,20,1225,312
ID_087,2022-01-31,38,98,43601,23,1233,329
ID_087,2022-02-02,40,107,45701,26,1244,358
ID_087,2022-02-04,42,121,51254,27,1332,393
ID_087,2022-02-05,43,128,53265,30,1346,411
ID_087,2022-02-06,44,128,55939,31,1359,425
ID_087,2022-02-07,45,132,58096,32,1377,437
ID_087,2022-02-08,52,136,72397,37,1634,493
ID_087,2022-02-11,53,136,72744,38,1634,498
ID_088,2022-01-26,1,2,6472,0,264,21
ID_088,2022-01-29,2,2,9806,0,290,59
ID_088,2022-02-04,4,3,15156,0,362,89
ID_088,2022-02-06,5,9,19457,0,408,106
ID_088,2022-02-07,7,16,30404,2,469,134
ID_088,2022-02-12,8,31,38190,4,631,178
ID_088,2022-02-28,12,35,40738,4,642,220
ID_088,2022-03-01,22,65,58295,7,753,379
ID_088,2022-03-02,23,65,59927,7,753,389
ID_088,2022-03-03,26,65,64295,7,763,426
ID_088,2022-03-04,42,89,85000,21,896,638
ID_089,2022-03-04,4,0,7799,1,70,10
ID_089,2022-03-07,5,0,7800,1,70,10
ID_089,2022-03-16,16,2,8189,1,70,10
ID_089,2022-03-18,17,2,8239,1,70,10
ID_089,2022-03-23,19,2,8258,1,70,10
ID_089,2022-03-28,20,2,8286,1,70,10
ID_089,2022-04-10,21,2,8313,1,70,10
ID_089,2022-04-11,23,3,10250,1,77,23
ID_089,2022-04-12,48,23,19123,15,110,185
ID_089,2022-04-13,58,32,24589,20,121,276
ID_089,2022-04-14,61,35,29865,24,151,306
ID_089,2022-04-15,75,57,44302,46,218,656
ID_090,2022-03-31,2,0,57,0,0,0
ID_090,2022-04-01,3,3,5891,2,277,22
ID_090,2022-04-06,4,15,9225,2,307,73
ID_090,2022-04-07,5,19,25622,3,422,109
ID_090,2022-04-11,7,20,27531,3,422,125
ID_090,2022-04-13,9,20,27583,3,422,125
ID_090,2022-04-14,10,20,27612,3,422,125
ID_090,2022-04-18,11,20,29761,3,469,152
ID_090,2022-05-07,12,20,32002,3,520,169
ID_090,2022-05-09,13,22,33310,3,529,177
ID_090,2022-05-10,14,22,38755,3,574,183
ID_090,2022-05-13,16,40,45810,4,628,215
ID_090,2022-05-16,20,40,46827,4,631,224
ID_090,2022-05-17,25,42,53415,7,668,273
ID_090,2022-05-18,35,46,65619,7,725,365
ID_090,2022-05-19,36,46,67273,7,729,374
ID_090,2022-05-24,37,46,69340,7,736,381
ID_091,2022-04-16,3,2,1847,0,0,16
ID_091,2022-04-18,4,4,5093,0,166,31
ID_091,2022-04-20,7,6,7142,0,166,42
ID_091,2022-04-21,9,7,7172,0,166,42
ID_091,2022-04-22,10,7,8817,0,166,57
ID_091,2022-04-27,11,7,9757,0,169,69
ID_091,2022-04-30,12,9,11101,0,169,79
ID_091,2022-05-04,13,9,12967,0,178,94
ID_091,2022-05-07,14,15,14317,0,182,106
ID_091,2022-05-08,15,15,15737,0,182,115
ID_091,2022-05-16,16,15,17344,0,210,139
ID_091,2022-05-19,18,15,18479,0,211,161
ID_091,2022-05-20,23,17,23631,3,241,209
ID_091,2022-05-23,24,17,23633,3,241,209
ID_091,2022-05-24,25,18,25452,3,249,225
ID_091,2022-05-25,29,20,31955,6,318,279
ID_091,2022-06-03,30,20,33565,6,324,287
ID_091,2022-06-16,31,20,33582,6,324,287
ID_091,2022-07-01,32,20,33583,6,324,287
ID_092,2022-05-02,2,3,8556,0,259,49
ID_092,2022-05-09,3,3,11949,2,313,68
ID_092,2022-05-10,4,23,15407,2,428,140
ID_092,2022-05-13,6,24,15450,2,428,141
ID_092,2022-05-27,9,28,18779,8,476,169
ID_092,2022-05-30,10,31,20880,10,482,206
ID_092,2022-06-01,12,31,21610,10,487,217
ID_092,2022-06-10,16,34,25212,16,496,268
ID_092,2022-06-12,17,34,26452,17,497,276
ID_092,2022-06-13,19,35,28061,19,500,291
ID_092,2022-06-15,25,37,31275,19,512,316
ID_092,2022-06-16,37,47,44998,30,562,417
ID_092,2022-06-18,38,47,45020,30,562,417
ID_094,2022-05-30,1,2,36,0,0,0
ID_094,2022-05-31,2,5,3707,1,177,17
ID_094,2022-07-09,5,11,7536,1,210,47
ID_094,2022-07-10,8,15,9703,2,216,71
ID_094,2022-07-11,12,15,16321,9,301,115
ID_094,2022-07-12,13,15,17701,9,304,123
ID_094,2022-07-13,14,19,19469,9,321,137
ID_093,2022-05-19,3,5,4705,0,20,17
ID_093,2022-06-09,4,5,4717,0,20,17
ID_093,2022-06-13,9,61,8282,62,33,75
ID_093,2022-07-04,10,61,8291,62,33,75
ID_093,2022-07-05,12,61,8295,62,33,75
ID_093,2022-07-06,13,61,8299,62,33,75
ID_093,2022-07-07,15,61,8302,62,33,75
ID_093,2022-07-09,27,61,8344,62,33,75
ID_093,2022-07-10,48,185,29529,154,126,493
ID_095,2022-06-21,1,0,1,0,0,1
ID_095,2022-06-22,3,1,2754,6,42,32
ID_095,2022-07-06,4,3,3473,6,54,43
ID_095,2022-07-07,5,8,37576,12,145,78
ID_095,2022-07-08,7,11,40551,13,168,110
ID_095,2022-07-10,8,53,44744,33,218,219
ID_095,2022-07-11,12,62,52129,36,297,301
ID_095,2022-07-12,13,64,53740,36,316,323
ID_095,2022-07-13,18,73,61552,84,374,594
ID_095,2022-07-14,20,98,65556,117,416,756
ID_095,2022-07-15,23,108,67711,125,443,830
ID_095,2022-07-16,26,121,72999,126,513,1020
ID_095,2022-07-18,32,136,82468,146,582,1191
ID_095,2022-07-19,40,174,87474,172,631,1375
ID_095,2022-07-20,57,242,110764,260,841,1942
ID_095,2022-07-21,72,316,124888,393,993,2458
ID_095,2022-07-22,102,450,160426,525,1291,3114
ID_099,2022-08-01,4,7,12946,0,845,101
ID_099,2022-08-02,5,10,14959,0,845,131
ID_099,2022-08-03,6,12,18554,0,896,158
ID_099,2022-08-04,7,12,20742,0,937,183
ID_099,2022-08-05,8,12,22280,0,937,191
ID_099,2022-08-06,12,28,28729,2,989,244
ID_099,2022-08-07,15,39,34190,2,1032,288
ID_099,2022-08-11,16,40,35929,2,1037,295
ID_099,2022-08-12,18,40,39184,2,1063,322
ID_099,2022-08-14,19,40,39194,2,1063,322
ID_099,2022-08-15,20,40,39202,2,1063,322
ID_099,2022-08-17,21,45,40844,2,1077,340
ID_099,2022-08-19,22,46,42222,2,1094,349
ID_099,2022-08-21,23,50,44752,5,1160,377
ID_099,2022-08-23,24,50,45916,6,1184,395
ID_099,2022-08-24,27,61,51909,8,1294,453
ID_099,2022-08-25,30,69,57743,8,1340,490
ID_099,2022-08-26,31,69,59033,8,1355,506
ID_099,2022-08-27,32,69,59975,8,1357,513
ID_099,2022-08-28,34,69,61131,8,1359,517
ID_099,2022-09-05,35,77,65590,12,1417,539
ID_099,2022-09-13,38,78,69376,14,1423,553
ID_099,2022-09-14,39,89,71844,16,1438,573
ID_099,2022-09-15,40,89,71873,16,1438,574
ID_099,2022-09-28,43,93,76643,16,1490,599
ID_099,2022-10-02,45,93,79299,18,1498,616
ID_099,2023-04-16,46,93,79300,18,1498,616
ID_096,2022-07-01,1,0,6568,2,311,26
ID_096,2022-07-13,3,19,16086,4,660,103
ID_096,2022-07-14,4,19,16095,4,660,103
ID_096,2022-07-20,5,29,19193,4,769,133
ID_096,2022-07-23,7,29,19195,4,769,133
ID_096,2022-08-06,8,33,21651,4,776,145
ID_096,2022-08-07,11,36,25246,12,796,175
ID_096,2022-08-08,14,45,32102,12,856,199
ID_096,2022-08-09,16,49,33641,12,869,208
ID_096,2022-08-10,21,59,43017,14,966,257
ID_096,2022-08-19,23,59,44848,14,977,269
ID_096,2022-08-20,24,59,45995,14,977,273
ID_096,2023-02-20,26,59,47778,14,983,278
ID_096,2023-02-25,27,59,48471,14,984,281
ID_097,2022-07-12,9,3,13221,2,45,73
ID_097,2022-07-13,14,4,16339,13,58,116
ID_097,2022-07-14,16,4,18023,13,68,137
ID_097,2022-07-15,23,8,29625,16,109,184
ID_097,2022-07-18,24,8,30402,16,109,192
ID_097,2022-07-19,32,15,42816,17,152,246
ID_097,2022-07-20,34,15,45746,18,168,262
ID_097,2022-07-21,35,15,46481,18,168,272
ID_097,2022-07-22,38,21,48191,19,178,298
ID_097,2022-07-26,43,27,60000,21,215,336
ID_097,2022-07-27,45,28,61709,23,225,363
ID_097,2022-07-29,50,32,67435,27,242,406
ID_097,2022-08-01,51,32,68052,27,242,416
ID_097,2022-08-02,53,32,70757,28,253,438
ID_097,2022-08-03,57,36,73177,30,278,459
ID_097,2022-08-04,59,36,74400,30,278,477
ID_097,2022-08-05,67,40,86207,34,308,539
ID_097,2022-08-09,70,43,91247,40,349,573
ID_097,2022-08-10,71,43,93275,40,365,585
ID_097,2022-08-12,75,47,97691,40,393,619
ID_097,2022-08-16,77,51,102822,47,422,636
ID_097,2022-08-17,78,51,104851,47,436,648
ID_097,2022-08-19,80,54,108006,47,453,666
ID_097,2022-08-23,81,56,109546,48,475,675
ID_097,2022-08-24,82,56,110829,48,484,685
ID_097,2022-08-26,85,57,115807,49,514,709
ID_097,2022-08-31,87,60,117336,49,521,723
ID_098,2022-07-25,1,7,6265,2,354,29
ID_098,2022-07-27,2,7,6266,2,354,29
ID_098,2022-07-31,3,16,10054,3,531,64
ID_098,2022-08-03,7,16,10109,3,531,64
ID_098,2022-08-12,8,19,12188,3,589,82
ID_098,2022-08-20,9,29,14576,3,632,101
ID_098,2022-09-12,10,32,16138,3,645,108
ID_098,2022-09-13,12,33,17520,3,657,124
ID_098,2022-09-24,13,34,19014,3,676,135
ID_098,2022-09-27,14,35,20447,3,685,144
ID_098,2022-09-30,15,35,22071,3,691,150
ID_098,2022-10-18,16,35,22072,3,691,150
ID_098,2022-10-28,17,35,22074,3,691,150
ID_098,2022-10-31,20,37,22100,3,696,150
ID_100,2022-08-01,1,0,2702,0,98,8
ID_100,2022-08-04,2,3,4345,1,118,41
ID_100,2022-08-07,3,3,5890,1,137,60
ID_100,2022-09-02,4,4,7182,3,161,81
ID_100,2022-09-20,6,7,8204,3,172,90
ID_100,2022-09-21,9,8,10238,3,180,110
ID_100,2022-09-22,10,11,12236,4,202,128
ID_100,2022-09-23,11,11,13000,5,206,135
ID_100,2022-09-24,13,14,14976,5,215,154
ID_100,2022-09-25,17,16,19609,6,230,193
ID_100,2022-10-11,18,16,19633,6,230,193
ID_101,2022-08-08,1,1,3247,1,156,10
ID_101,2022-08-19,2,9,7493,2,189,39
ID_102,2022-08-08,2,0,6005,0,238,37
ID_102,2022-08-23,3,0,8136,0,247,48
ID_102,2022-09-04,4,0,9686,0,255,56
ID_102,2022-09-06,5,3,12675,1,265,72
ID_102,2022-09-13,6,5,14315,1,272,82
ID_102,2022-09-14,7,5,14335,1,272,84
ID_102,2022-09-15,8,5,14345,1,272,84
ID_102,2022-09-16,9,5,14346,1,272,84
ID_102,2022-10-07,10,9,16696,2,300,95
ID_103,2022-08-17,1,4,4313,0,219,10
ID_103,2022-09-21,4,13,9220,2,300,42
ID_103,2022-09-22,7,20,15395,4,482,85
ID_106,2022-09-08,1,0,2858,1,141,8
ID_104,2022-08-26,1,1,3683,0,206,18
ID_104,2022-10-09,2,3,8402,0,223,28
ID_104,2022-10-16,3,6,10535,1,256,38
ID_104,2022-10-17,13,8,18488,3,256,97
ID_107,2022-09-19,1,1,5511,0,334,32
ID_107,2022-09-21,3,4,10294,0,498,78
ID_107,2022-10-03,4,4,10305,0,498,78
ID_107,2022-10-12,5,8,13799,1,652,117
ID_107,2022-10-31,6,12,15372,1,679,133
ID_107,2022-11-24,7,12,17825,1,718,148
ID_105,2022-08-31,1,0,2369,2,47,7
ID_105,2022-09-11,3,0,5505,2,95,27
ID_105,2022-09-17,6,2,10325,5,118,50
ID_105,2022-09-19,7,2,12138,7,126,65
ID_105,2022-09-20,14,2,12221,7,126,65
ID_105,2022-09-22,15,2,12229,7,126,65
ID_105,2022-09-23,18,3,15726,18,165,100
ID_105,2022-09-25,21,4,17400,21,190,111
ID_105,2022-09-26,22,4,17401,21,190,111
ID_105,2022-09-28,23,4,18914,24,197,124
ID_105,2022-09-29,25,4,20312,25,201,134
ID_105,2022-10-01,26,4,21874,31,209,140
ID_105,2022-10-03,41,7,28032,40,271,211
ID_105,2022-10-04,42,7,29178,40,275,217
ID_108,2022-09-01,1,0,30,0,0,0
ID_108,2022-09-28,2,0,54,0,1,0
ID_108,2022-09-29,4,0,5889,2,315,21
ID_108,2022-10-04,5,6,10400,2,430,68
ID_108,2022-10-05,6,9,13629,2,430,93
ID_108,2022-10-12,7,29,18950,3,478,143
ID_108,2022-10-19,8,29,18954,3,479,143
ID_108,2022-10-26,9,29,18968,3,479,143
ID_108,2022-11-08,10,29,18973,3,479,143
ID_108,2022-11-10,11,29,20512,3,494,155
ID_108,2022-11-14,14,44,27841,7,613,203
ID_108,2022-11-15,17,54,32520,10,700,231
ID_108,2022-11-17,26,63,44101,13,809,297
ID_109,2022-09-29,1,0,3990,0,302,8
ID_109,2022-10-11,2,2,6270,0,351,25
ID_109,2022-10-20,3,2,6290,0,351,25
ID_109,2022-10-30,4,2,7862,0,372,47
ID_109,2022-11-15,6,5,11045,0,382,70
ID_109,2022-11-17,8,11,13317,1,402,84
ID_109,2022-11-18,10,11,14426,1,415,89
ID_109,2022-11-19,12,14,17749,4,430,106
ID_109,2022-11-20,14,15,21276,4,473,126
ID_110,2022-10-12,1,0,3,0,0,1
ID_110,2022-10-19,2,0,2143,0,28,2
ID_110,2022-11-07,4,1,5212,3,33,18
ID_110,2022-11-08,7,5,12511,24,117,117
ID_112,2022-10-31,1,8,6273,2,386,20
ID_112,2022-11-08,2,8,6276,2,386,20
ID_112,2022-11-13,4,10,9885,2,412,47
ID_112,2022-11-14,5,12,12429,3,431,72
ID_112,2022-12-25,6,16,14759,6,431,92
ID_112,2022-12-27,7,16,15986,7,452,105
ID_112,2022-12-28,8,17,16857,7,459,112
ID_112,2022-12-29,9,17,17057,7,460,119
ID_112,2022-12-31,10,19,18491,15,460,136
ID_112,2023-02-07,11,19,18500,15,460,136
ID_112,2023-02-21,12,20,19585,16,460,142
ID_111,2022-11-07,1,0,1539,0,0,1
ID_111,2022-11-18,2,2,1566,0,0,1
ID_111,2022-11-27,4,11,4672,3,37,36
ID_111,2022-11-28,8,12,8938,5,66,87
ID_114,2022-11-07,1,0,5495,0,384,20
ID_114,2022-11-08,8,4,5535,0,384,20
ID_114,2022-11-11,9,6,5552,0,384,21
ID_114,2022-11-17,11,6,5583,0,384,21
ID_114,2022-11-23,12,7,7300,0,409,44
ID_114,2022-11-24,13,13,10051,2,454,77
ID_114,2022-11-25,15,14,11417,2,462,92
ID_114,2022-12-05,16,14,11428,2,462,92
ID_114,2022-12-09,19,21,12985,2,469,111
ID_114,2022-12-16,22,21,14152,2,472,125
ID_114,2022-12-17,23,21,14859,2,474,131
ID_114,2022-12-18,26,27,19325,2,530,168
ID_114,2022-12-19,27,28,21188,4,539,177
ID_114,2022-12-24,28,31,21312,4,541,183
ID_114,2022-12-28,29,31,22269,4,547,189
ID_114,2022-12-30,30,31,23459,4,550,196
ID_114,2023-01-03,31,32,24117,4,550,202
ID_114,2023-01-05,32,32,24508,4,552,210
ID_113,2022-10-31,2,0,3557,0,206,9
ID_113,2022-11-07,3,8,3569,0,206,9
ID_113,2022-11-11,4,11,7283,1,261,26
ID_113,2022-12-12,6,11,9165,1,276,45
ID_113,2022-12-13,8,13,11873,1,311,70
ID_113,2022-12-14,9,13,12845,1,316,78
ID_113,2022-12-17,11,13,14741,1,325,91
ID_113,2022-12-18,13,13,15733,1,330,98
ID_113,2022-12-30,14,15,16618,1,332,105
ID_115,2022-11-14,2,0,4724,0,222,16
ID_115,2022-11-30,3,4,6729,0,255,33
ID_115,2022-12-14,5,4,7886,0,256,51
ID_115,2022-12-15,16,5,18081,10,310,125
ID_116,2022-11-21,1,3,4206,0,210,10
ID_116,2022-12-05,2,3,5803,0,224,16
ID_116,2022-12-09,3,4,7218,0,247,25
ID_116,2022-12-18,4,4,8668,0,287,39
ID_116,2022-12-30,5,4,8669,0,287,39
ID_116,2023-01-02,7,6,9598,0,288,46
ID_116,2023-01-04,8,8,11396,0,299,57
ID_116,2023-03-19,9,9,12399,0,312,62
ID_116,2023-05-08,10,9,12400,0,312,62
ID_116,2023-05-12,12,9,12402,0,312,62
ID_118,2022-12-11,1,1,4577,0,282,11
ID_118,2022-12-26,2,1,6735,0,301,29
ID_118,2022-12-27,5,8,8585,0,313,43
ID_118,2023-01-05,7,16,9396,0,316,56
ID_118,2023-01-07,9,16,12432,0,344,81
ID_118,2023-01-13,11,25,14544,0,370,102
ID_118,2023-01-17,13,25,15928,0,381,112
ID_118,2023-01-18,15,47,22608,0,486,151
ID_118,2023-01-19,16,47,22611,0,486,151
ID_118,2023-01-20,27,47,27582,10,529,204
ID_118,2023-01-30,29,47,28942,10,531,221
ID_118,2023-02-05,31,48,30470,10,535,234
ID_118,2023-02-06,32,49,31113,10,543,240
ID_117,2022-12-01,1,0,3841,1,149,7
ID_117,2022-12-05,2,4,6092,1,183,21
ID_117,2022-12-06,4,4,6095,1,183,21
ID_117,2022-12-07,5,4,8402,1,217,52
ID_117,2023-01-03,6,6,10213,1,229,63
ID_117,2023-01-09,8,6,12185,1,240,82
ID_117,2023-01-13,9,7,13242,1,250,98
ID_117,2023-01-16,11,16,15178,1,258,119
ID_117,2023-01-17,12,16,16371,1,279,131
ID_117,2023-01-18,14,21,17791,1,297,143
ID_117,2023-01-19,16,21,20303,1,315,154
ID_117,2023-01-20,20,32,23796,1,394,188
ID_117,2023-01-21,21,34,24571,1,410,196
ID_117,2023-01-22,22,35,25596,1,417,203
ID_117,2023-01-25,23,35,26483,1,418,212
ID_119,2022-12-09,1,0,3740,2,240,19
ID_119,2022-12-16,3,6,9318,3,424,86
ID_119,2022-12-21,4,6,9319,3,424,86
ID_119,2022-12-23,7,15,14702,3,511,127
ID_119,2022-12-24,8,16,16222,4,511,140
ID_119,2022-12-25,12,20,19905,4,558,176
ID_119,2022-12-28,13,21,21043,4,558,188
ID_119,2023-01-04,14,21,22240,4,561,196
ID_120,2022-12-09,1,0,2291,0,117,5
ID_120,2022-12-12,2,1,4250,0,145,26
ID_120,2022-12-13,3,1,8550,7,160,49
ID_120,2022-12-14,25,13,35169,13,454,218
ID_120,2022-12-16,26,13,35184,13,454,223
ID_120,2023-03-01,27,15,36881,13,476,231
ID_121,2022-12-25,1,3,5724,1,534,23
ID_121,2022-12-29,2,7,8278,1,560,48
ID_121,2022-12-30,3,7,11126,1,583,70
ID_121,2023-01-03,4,13,13530,1,621,98
ID_121,2023-01-04,5,18,15624,1,632,112
ID_121,2023-01-13,6,18,18792,2,671,129
ID_121,2023-01-14,7,20,20014,2,685,144
ID_121,2023-01-22,8,20,20081,2,685,150
ID_121,2023-03-03,12,22,21677,2,689,162
ID_122,2023-01-01,1,14,5200,0,343,8
ID_122,2023-01-03,2,18,7835,0,366,47
ID_122,2023-01-05,3,21,10381,0,405,77
ID_122,2023-01-07,4,25,12018,0,425,100
ID_122,2023-01-08,5,30,15280,0,452,110
ID_122,2023-01-11,7,30,16632,0,459,119
ID_122,2023-01-22,8,38,17409,0,479,140
ID_122,2023-01-28,11,46,19570,0,496,175
ID_122,2023-01-31,12,49,20447,0,515,201
ID_122,2023-02-01,13,49,21583,0,522,212
ID_122,2023-02-02,18,59,27008,0,567,268
ID_122,2023-02-13,20,59,28452,0,568,282
ID_122,2023-02-15,21,60,29259,2,571,289
ID_122,2023-03-03,22,60,29267,2,571,289
ID_122,2023-05-11,23,60,29276,2,571,289
ID_124,2022-12-23,1,0,5,0,0,2
ID_124,2022-12-27,2,0,1930,3,52,5
ID_124,2023-01-13,3,3,3504,10,52,6
ID_124,2023-01-16,5,3,3508,10,52,6
ID_124,2023-01-17,6,5,4525,10,52,6
ID_124,2023-01-18,7,5,4527,10,52,6
ID_124,2023-01-19,24,11,12533,23,101,125
ID_124,2023-01-20,54,24,28467,55,207,302
ID_124,2023-01-26,55,24,28477,55,207,302
ID_124,2023-01-30,56,24,28518,56,207,302
ID_124,2023-02-04,57,24,28519,56,207,302
ID_124,2023-02-19,60,26,29737,56,211,322
ID_124,2023-02-20,74,32,34718,58,232,408
ID_124,2023-02-21,85,40,39887,65,296,513
ID_124,2023-02-22,121,44,51128,81,366,829
ID_124,2023-02-23,151,52,66654,101,423,1127
ID_124,2023-02-24,180,55,85562,120,483,1507
ID_123,2023-01-01,1,0,3259,0,156,9
ID_123,2023-01-18,2,2,3455,0,160,12
ID_123,2023-01-19,3,11,4327,0,187,32
ID_123,2023-02-06,5,16,6397,0,215,52
ID_123,2023-02-08,7,16,8725,0,249,68
ID_123,2023-02-10,8,16,9626,0,254,75
ID_123,2023-02-12,14,17,12891,0,288,102
ID_123,2023-02-14,15,17,14047,0,304,108
ID_125,2023-02-05,1,3,4113,0,289,10
ID_125,2023-02-07,2,3,4555,0,297,27
ID_125,2023-02-10,3,9,7487,0,407,57
ID_125,2023-02-11,4,14,9077,0,418,78
ID_125,2023-02-12,5,14,10379,0,424,94
ID_125,2023-02-13,6,14,11429,0,435,110
ID_125,2023-02-17,7,14,12452,0,450,131
ID_125,2023-02-20,8,14,12453,0,450,131
ID_125,2023-02-21,9,14,13420,0,455,149
ID_125,2023-02-25,10,14,13421,0,455,149
ID_125,2023-03-09,11,15,13924,0,455,157
ID_125,2023-03-14,12,15,14477,0,462,168
ID_125,2023-03-16,14,15,15740,0,464,188
ID_125,2023-03-17,19,22,19302,0,481,245
ID_125,2023-03-19,27,24,22658,7,502,285
ID_125,2023-03-21,28,24,23281,7,505,290
ID_126,2023-03-13,1,1,4706,3,90,11
ID_126,2023-03-14,5,1,4749,3,90,11
ID_126,2023-03-15,6,1,4767,3,90,11
ID_126,2023-03-20,7,1,4781,3,90,12
ID_126,2023-03-22,10,4,7830,4,104,32
ID_126,2023-04-09,11,4,9198,4,110,39
ID_126,2023-04-10,14,7,12018,4,125,65
ID_126,2023-04-11,16,8,12864,4,127,71
ID_126,2023-04-15,18,10,15841,5,144,88
ID_126,2023-04-16,23,10,18291,5,153,107
ID_129,2023-04-10,3,21,9927,2,594,72
ID_129,2023-04-12,5,25,12817,5,635,100
ID_129,2023-04-15,6,26,14501,5,649,114
ID_129,2023-04-19,7,26,15488,5,661,132
ID_129,2023-04-20,8,27,17034,5,679,149
ID_129,2023-04-29,10,27,17036,5,679,149
ID_129,2023-05-08,11,27,17810,5,680,160
ID_129,2023-05-12,12,27,19212,5,702,176
ID_129,2023-05-20,13,27,19217,5,702,176
ID_129,2023-05-22,14,29,20044,5,720,190
ID_129,2023-05-24,15,30,20892,5,722,199
ID_129,2023-05-31,17,31,21529,5,729,207
ID_129,2023-06-06,19,43,23840,5,736,235
ID_129,2023-06-10,20,43,24922,5,747,247
ID_129,2023-06-12,21,43,25623,5,753,255
ID_129,2023-08-30,22,43,25941,5,756,263
ID_130,2023-03-29,1,0,3255,2,45,12
ID_130,2023-03-31,2,0,3257,2,45,12
ID_130,2023-04-10,3,0,5552,3,62,25
ID_130,2023-04-13,5,17,8280,23,62,70
ID_130,2023-04-16,9,30,11169,23,81,154
ID_130,2023-04-18,10,33,12411,23,81,171
ID_130,2023-04-19,11,45,13784,25,83,205
ID_130,2023-04-20,12,45,14752,25,83,221
ID_130,2023-04-22,14,63,17543,34,96,360
ID_130,2023-04-23,15,67,18573,36,101,377
ID_130,2023-04-25,16,81,20808,37,113,407
ID_130,2023-04-26,17,83,21438,39,114,415
ID_130,2023-04-28,18,92,22068,39,114,429
ID_130,2023-04-29,23,112,25582,47,128,541
ID_130,2023-05-01,26,168,31004,80,172,773
ID_130,2023-05-02,30,196,34483,101,192,884
ID_130,2023-05-03,32,253,37869,129,198,1038
ID_130,2023-05-04,34,272,40311,139,210,1174
ID_130,2023-05-05,36,272,40416,139,210,1180
ID_130,2023-05-06,41,352,52410,224,289,1865
ID_130,2023-05-07,49,407,58144,276,322,2214
ID_130,2023-05-08,61,456,66162,328,406,2624
ID_130,2023-05-09,66,466,68856,343,410,2749
ID_130,2023-05-10,72,606,75344,415,459,3107
ID_130,2023-05-11,73,606,75778,418,463,3121
ID_130,2023-05-12,76,615,78571,418,481,3263
ID_130,2023-05-13,79,616,80291,426,488,3294
ID_130,2023-05-14,86,620,84348,431,531,3342
ID_130,2023-05-15,90,624,86731,437,548,3396
ID_127,2023-04-03,1,0,659,0,1,6
ID_127,2023-04-07,2,9,1295,0,3,11
ID_127,2023-05-12,3,10,1595,0,3,14
ID_127,2023-05-14,4,10,1917,0,3,21
ID_127,2023-05-15,5,10,1918,0,3,21
ID_127,2023-05-20,6,10,2270,0,3,28
ID_131,2023-04-17,1,0,2204,0,99,7
ID_131,2023-04-18,2,3,4003,0,123,25
ID_131,2023-04-28,4,4,5535,0,145,40
ID_131,2023-05-12,5,4,5547,0,145,40
ID_131,2023-05-14,6,4,5557,0,145,40
ID_131,2023-05-15,7,9,6890,0,174,58
ID_131,2023-05-17,10,9,6896,0,174,58
ID_131,2023-05-19,13,9,7486,0,178,68
ID_131,2023-05-20,15,9,8396,0,184,84
ID_131,2023-05-21,18,9,10209,0,201,117
ID_131,2023-06-09,19,9,10698,0,201,123
ID_128,2023-04-02,1,3,3165,1,196,10
ID_128,2023-04-07,4,7,6040,4,252,35
ID_128,2023-04-14,5,9,7808,4,284,58
ID_128,2023-04-28,6,9,8637,4,297,75
ID_128,2023-05-01,8,9,9996,4,318,93
ID_128,2023-05-03,9,21,10831,4,338,105
ID_128,2023-05-10,11,31,13796,7,419,129
ID_128,2023-05-12,12,33,14641,7,422,135
ID_128,2023-05-14,15,33,17597,10,462,152
ID_128,2023-06-17,16,33,17600,10,462,152
ID_132,2023-05-08,1,0,1977,0,125,7
ID_132,2023-05-09,2,6,3718,0,172,29
ID_132,2023-05-10,4,11,6937,0,283,62
ID_132,2023-05-11,5,14,8216,0,315,73
ID_132,2023-05-22,6,17,9040,0,329,82
ID_132,2023-06-05,10,20,11394,0,378,120
ID_132,2023-06-06,12,31,13291,2,428,145
ID_132,2023-06-08,13,31,13291,2,428,145
ID_132,2023-06-09,14,31,13893,2,428,152
ID_132,2023-06-10,15,31,14538,2,437,158
ID_133,2023-05-08,1,2,6000,2,487,20
ID_133,2023-05-12,3,2,8790,2,557,45
ID_133,2023-05-13,5,5,11036,2,585,59
ID_133,2023-05-23,7,14,13548,3,641,78
ID_133,2023-05-24,8,24,15274,3,657,90
ID_133,2023-05-26,9,57,20524,3,830,130
ID_133,2023-06-22,10,57,21485,3,844,139
ID_133,2023-06-25,11,58,22405,3,848,146
ID_133,2023-07-07,12,58,23033,3,849,152
ID_133,2023-07-08,13,58,23853,3,852,159
ID_133,2023-07-10,15,58,25002,3,860,168
ID_133,2023-07-16,16,58,26038,3,872,174
ID_133,2023-07-26,17,69,27908,12,872,206
ID_134,2023-06-05,1,5,2805,0,171,6
ID_134,2023-06-16,2,9,4701,0,185,24
ID_134,2023-06-22,4,12,6431,0,215,40
ID_134,2023-06-24,5,20,8952,0,237,50
ID_134,2023-06-27,7,20,9622,0,245,59
ID_134,2023-06-29,8,23,10362,0,267,70
ID_134,2023-07-03,10,23,11350,0,276,85
ID_134,2023-07-05,11,23,11920,0,288,95
ID_134,2023-07-07,12,23,12375,0,291,102
ID_134,2023-07-08,14,23,13300,1,295,118
ID_134,2023-07-09,18,35,16978,1,338,170
ID_134,2023-07-11,19,35,17460,1,340,176
ID_134,2023-07-24,20,35,17464,1,340,176
ID_135,2023-06-28,1,0,762,0,22,0
ID_135,2023-08-14,2,0,774,0,24,1
ID_135,2023-08-22,6,0,781,0,24,1
ID_135,2023-08-24,9,0,785,0,24,1
ID_135,2023-08-25,11,0,1587,5,33,39
ID_135,2023-08-26,12,0,1588,5,33,39
ID_135,2023-08-28,14,0,1872,5,33,47
ID_135,2023-08-29,19,0,2982,5,34,74
ID_135,2023-08-30,24,11,4118,7,43,199
ID_135,2023-08-31,35,23,7156,43,45,410
ID_135,2023-09-01,37,23,7161,43,45,410
ID_135,2023-09-06,38,28,8224,43,48,494
ID_135,2023-09-07,40,32,8826,43,49,558
ID_135,2023-09-10,41,37,9992,43,52,727
ID_135,2023-09-11,42,37,9993,43,52,727
ID_136,2023-07-02,1,0,4742,1,383,16
ID_136,2023-07-17,2,2,6526,1,416,53
ID_136,2023-07-19,3,2,6529,1,416,53
ID_136,2023-07-26,4,2,6531,1,416,53
ID_136,2023-07-28,6,2,7218,1,436,63
ID_136,2023-07-29,9,4,8313,1,477,83
ID_136,2023-07-30,61,12,17435,3,857,247
ID_136,2023-07-31,125,27,30999,10,1293,486
ID_136,2023-08-13,126,27,31758,10,1309,496
ID_136,2023-08-27,127,27,32273,10,1313,503
ID_137,2023-07-10,1,7,2431,1,212,12
ID_137,2023-07-14,3,15,4002,1,225,33
ID_137,2023-08-08,5,17,4489,1,229,50
ID_137,2023-08-09,6,18,5276,1,237,63
ID_137,2023-08-10,8,20,6473,1,246,81
ID_137,2023-08-11,10,24,7353,1,251,97
ID_137,2023-08-12,16,24,9595,2,267,120
ID_137,2023-08-13,17,26,10085,2,276,128
ID_138,2023-07-17,1,4,4506,0,372,8
ID_138,2023-07-19,2,9,9205,2,764,17
ID_138,2023-07-21,3,25,14079,3,965,143
ID_138,2023-08-06,4,30,16075,3,1026,165
ID_138,2023-08-16,6,42,20088,5,1172,212
ID_138,2023-08-22,8,42,20807,5,1184,220
ID_138,2023-08-28,13,44,22799,6,1195,257
ID_138,2023-08-29,21,44,23676,7,1202,272
ID_138,2023-08-30,23,44,23965,7,1202,280
ID_138,2023-08-31,26,57,25321,8,1213,298
ID_138,2023-09-01,31,77,31532,15,1371,360
ID_138,2023-09-02,32,77,32109,15,1416,367
ID_138,2023-09-03,37,77,33627,16,1426,382
ID_138,2023-09-22,39,77,34036,16,1429,388
ID_138,2023-11-14,42,77,34040,16,1429,388
ID_139,2023-08-02,1,2,5042,1,354,18
ID_139,2023-08-07,2,2,5051,1,354,19
ID_139,2023-08-12,3,8,8555,1,448,58
ID_139,2023-08-26,4,8,8557,1,448,58
ID_139,2023-09-04,5,10,10518,1,495,82
ID_139,2023-09-10,6,15,11989,1,525,106
ID_139,2023-09-13,7,20,13344,2,599,138
ID_139,2023-09-18,9,31,14742,4,638,168
ID_139,2023-09-24,10,33,15280,4,643,180
ID_139,2023-09-26,11,39,15863,5,661,200
ID_139,2023-10-07,12,39,16196,5,665,205
ID_139,2023-10-09,13,39,16533,5,668,208
ID_139,2023-10-27,14,39,16750,5,668,211
ID_139,2023-10-29,16,41,16803,5,668,213
ID_139,2023-10-30,17,41,16969,5,669,215
ID_139,2023-11-13,18,41,16970,5,669,215
ID_142,2023-08-21,1,3,3626,1,314,6
ID_142,2023-09-01,2,9,5594,4,354,30
ID_142,2023-09-08,4,9,7244,5,385,46
ID_142,2023-09-11,5,9,8658,5,418,67
ID_142,2023-10-25,6,9,8949,5,422,72
ID_142,2023-10-26,7,13,9399,5,445,83
ID_142,2023-11-01,8,13,9691,7,445,92
ID_142,2023-11-07,9,13,9786,7,445,96
ID_142,2023-11-08,11,16,10212,8,458,113
ID_143,2023-08-18,1,2,3162,2,246,3
ID_141,2023-08-21,1,0,2456,0,171,6
ID_141,2023-10-12,2,0,2706,0,173,10
ID_141,2023-10-25,3,2,3008,0,173,18
ID_144,2023-09-11,1,0,2561,0,24,24
ID_144,2023-09-12,2,0,3969,0,36,40
ID_144,2023-09-20,3,0,3972,0,36,40
ID_144,2023-09-30,4,2,5123,0,51,58
ID_144,2023-10-03,6,19,7988,15,126,147
ID_144,2023-10-04,7,19,8042,15,126,150
ID_144,2023-10-05,9,19,8833,15,144,167
ID_144,2023-10-06,11,19,10001,17,159,176
ID_144,2023-10-07,14,23,11639,30,201,228
ID_144,2023-10-08,15,23,11975,33,207,234
ID_144,2023-10-09,16,23,12480,33,217,249
ID_144,2023-10-10,18,23,13336,34,237,282
ID_144,2023-10-11,23,23,13887,39,244,300
ID_144,2023-10-12,26,26,14724,39,256,362
ID_144,2023-10-13,28,26,15213,39,263,375
ID_144,2023-10-14,34,27,17514,46,285,480
ID_144,2023-10-15,54,29,21612,63,344,631
ID_144,2023-10-16,80,33,26572,67,405,722
ID_140,2023-08-18,1,0,724,0,38,5
ID_140,2023-08-21,7,26,4278,0,104,66
ID_140,2023-08-22,8,29,4807,0,108,79
ID_140,2023-08-24,9,29,5690,0,108,85
ID_146,2023-09-22,1,0,4869,1,538,10
ID_146,2023-09-25,2,0,4870,1,538,10
ID_146,2023-09-27,3,8,4876,1,538,12
ID_146,2023-10-10,6,9,4890,1,538,16
ID_146,2023-10-17,7,10,6139,4,548,35
ID_146,2023-10-18,8,28,7907,4,596,57
ID_146,2023-10-30,9,31,8345,4,601,70
ID_146,2023-10-31,11,36,9068,4,638,93
ID_146,2023-11-05,12,37,9340,4,673,100
ID_146,2023-11-06,13,37,9729,4,696,109
ID_146,2023-11-15,15,37,9755,4,696,109
ID_146,2023-11-16,16,37,9775,4,696,110
ID_145,2023-09-21,1,2,897,0,122,9
ID_145,2023-09-25,3,9,1806,0,147,40
ID_145,2023-09-26,8,12,2769,0,154,69
ID_145,2023-09-27,10,12,3235,0,154,80
ID_145,2023-10-12,17,12,4209,2,156,95
ID_147,2023-10-16,1,1,3284,2,260,18
ID_147,2023-10-23,2,3,5554,2,412,41
ID_147,2023-10-31,5,6,7380,2,454,80
ID_147,2023-11-11,6,6,7381,2,454,80
ID_148,2023-10-26,1,0,449,0,39,0
ID_148,2023-10-30,4,1,1099,0,49,23
ID_148,2023-10-31,7,1,1576,0,57,41
ID_148,2023-11-13,8,1,1577,0,57,41
